-- phpMyAdmin SQL Dump
-- version 4.6.6deb5
-- https://www.phpmyadmin.net/
--
-- Client :  localhost:3306
-- Généré le :  Lun 13 Mai 2019 à 11:16
-- Version du serveur :  5.7.25-0ubuntu0.18.04.2
-- Version de PHP :  7.2.15-0ubuntu0.18.04.1

SET SQL_MODE = "NO_AUTO_VALUE_ON_ZERO";
SET time_zone = "+00:00";


/*!40101 SET @OLD_CHARACTER_SET_CLIENT=@@CHARACTER_SET_CLIENT */;
/*!40101 SET @OLD_CHARACTER_SET_RESULTS=@@CHARACTER_SET_RESULTS */;
/*!40101 SET @OLD_COLLATION_CONNECTION=@@COLLATION_CONNECTION */;
/*!40101 SET NAMES utf8mb4 */;

--
-- Base de données :  `metropolis`
--

-- --------------------------------------------------------

--
-- Structure de la table `appartient`
--

CREATE TABLE `appartient` (
  `id_role` int(11) NOT NULL,
  `id_film` int(11) NOT NULL
) ENGINE=InnoDB DEFAULT CHARSET=utf8;

-- --------------------------------------------------------

--
-- Structure de la table `concerne`
--

CREATE TABLE `concerne` (
  `id_film` int(11) NOT NULL,
  `id_personne` int(11) NOT NULL
) ENGINE=InnoDB DEFAULT CHARSET=latin1;

-- --------------------------------------------------------

--
-- Structure de la table `film`
--

CREATE TABLE `film` (
  `id_film` int(11) NOT NULL,
  `titre` varchar(50) NOT NULL,
  `description` varchar(10000) NOT NULL,
  `image` varchar(10000) NOT NULL,
  `id_personne` int(11) NOT NULL,
  `id_genre` int(11) NOT NULL,
  `video` varchar(1500) NOT NULL,
  `miniature` varchar(250) NOT NULL
) ENGINE=InnoDB DEFAULT CHARSET=utf8;

--
-- Contenu de la table `film`
--

INSERT INTO `film` (`id_film`, `titre`, `description`, `image`, `id_personne`, `id_genre`, `video`, `miniature`) VALUES
(1, 'Interstellar', 'Dans un futur proche, la Terre est de moins en moins accueillante pour l\'humanité qui connaît une grave crise alimentaire. Le film raconte les aventures d\'un groupe d\'explorateurs qui utilise une faille récemment découverte dans l\'espace-temps afin de repousser les limites humaines et partir à la conquête des distances astronomiques dans un voyage interstellaire.', 'images/Interstellar.jpeg', 1, 3, '<iframe width=\"560\" height=\"315\" src=\"https://www.youtube.com/embed/kTGDxqUowq4\" frameborder=\"0\" allow=\"accelerometer; autoplay; encrypted-media; gyroscope; picture-in-picture\" allowfullscreen></iframe>', 'images/caroussel/interstellar.jpeg'),
(2, 'After', 'Depuis son plus jeune âge, Tessa était promise à un avenir tout tracé : une vie rangée, une brillante carrière, un mariage tranquille avec son fiancé de toujours. Jusqu\'à sa rencontre avec Hardin à son arrivée à l\'université. Grossier, provocateur, cruel, c\'est le garçon le plus détestable qu\'elle ait jamais croisé.', 'images/a.jpg', 2, 4, '<iframe width=\"560\" height=\"315\" src=\"https://www.youtube.com/embed/lb9HUR5k2gU\" frameborder=\"0\" allow=\"accelerometer; autoplay; encrypted-media; gyroscope; picture-in-picture\" allowfullscreen></iframe>', 'images/1.jpg'),
(3, 'Green book', 'En 1962, alors que règne la ségrégation, Tony Lip, un videur italo-américain du Bronx, est engagé pour conduire et protéger le Dr Don Shirley, un pianiste noir de renommée mondiale, lors d\'une tournée de concerts. Durant leur périple de Manhattan jusqu\'au Sud profond, ils doivent se confronter aux humiliations, perceptions et persécutions, tout en devant trouver des établissements accueillant les personnes de couleurs.', 'images/b.jpg', 3, 4, '<iframe width=\"560\" height=\"315\" src=\"https://www.youtube.com/embed/q1D0oB6-IfQ\" frameborder=\"0\" allow=\"accelerometer; autoplay; encrypted-media; gyroscope; picture-in-picture\" allowfullscreen></iframe>', 'images/2.jpg'),
(4, 'Chant du loup', 'Un jeune homme a le don rare de reconnaître chaque son qu\'il entend. A bord d\'un sous-marin nucléaire français, tout repose sur lui, l\'Oreille d\'Or. Réputé infaillible, il commet pourtant une erreur qui met l\'équipage en danger de mort.', 'images/c.jpg', 4, 2, '<iframe width=\"560\" height=\"315\" src=\"https://www.youtube.com/embed/0-LTTNiGgUA\" frameborder=\"0\" allow=\"accelerometer; autoplay; encrypted-media; gyroscope; picture-in-picture\" allowfullscreen></iframe>', 'images/3.jpg'),
(5, 'Avengers', 'Après leur défaite face au Titan Thanos qui s\'est approprié toutes les pierres du Gant de l\'infini, les quelques Avengers et les Gardiens de la Galaxie ayant survécu à son claquement de doigts qui a pulvérisé « la moitié de toute forme de vie dans l\'Univers », Captain America, Thor, Bruce Banner, Natasha Romanoff, War Machine, Tony Stark, Nébula et Rocket, vont essayer de trouver une solution pour ramener leurs coéquipiers disparus et vaincre Thanos en se faisant aider par Clint Barton, Captain Marvel et Ant-Man. ', 'images/avengers.jpeg', 5, 2, '<iframe width=\"560\" height=\"315\" src=\"https://www.youtube.com/embed/wV-Q0o2OQjQ\" frameborder=\"0\" allow=\"accelerometer; autoplay; encrypted-media; gyroscope; picture-in-picture\" allowfullscreen></iframe>', 'images/4.jpg'),
(6, 'Dragon 3', 'Une dizaine d\'années plus tard, Harold et Astrid, désormais parents de deux enfants (un garçon et une fille), approchent de l\'entrée du Monde caché après un long voyage de bateau. Ils y retrouvent Krokmou, la Furie éclair et leurs trois petits hybrides. Krokmou n\'identifie pas son dragonnier immédiatement (qui est maintenant barbu), mais à la vue et l\'odeur de la main d\'Harold, Krokmou reconnaît son ami. Alors qu\'il retrouve son ami et initie ses enfants au vol sur dos de dragon, Harold espère qu\'un jour, les dragons pourront revenir en paix dans le monde des humains. ', 'images/e.jpg', 6, 6, '<iframe width=\"560\" height=\"315\" src=\"https://www.youtube.com/embed/tEUFQ8mdzcg\" frameborder=\"0\" allow=\"accelerometer; autoplay; encrypted-media; gyroscope; picture-in-picture\" allowfullscreen></iframe>', 'images/5.jpg'),
(7, 'Star is born', 'Star de country sur le déclin, Jackson Maine (Bradley Cooper) découvre Ally Campana (Lady Gaga), une jeune chanteuse très prometteuse. Tandis qu\'ils tombent follement amoureux l\'un de l\'autre, Jack propulse Ally sur le devant de la scène et fait d\'elle une artiste adulée par le public. Bientôt éclipsé par le succès de la jeune femme, il vit de plus en plus mal son propre déclin. ', 'images/f.jpeg', 7, 4, '<iframe width=\"560\" height=\"315\" src=\"https://www.youtube.com/embed/jsg9NxCBzFs\" frameborder=\"0\" allow=\"accelerometer; autoplay; encrypted-media; gyroscope; picture-in-picture\" allowfullscreen></iframe>', 'images/6.jpg'),
(8, 'Asterix', 'À la suite d\'une chute lors de la cueillette du gui, le druide Panoramix décide qu\'il est temps d\'assurer l\'avenir du village. Accompagné d\'Astérix et Obélix, il entreprend de parcourir le monde gaulois à la recherche d\'un jeune druide talentueux à qui transmettre le secret de la Potion Magique.', 'images/g.jpeg', 8, 6, '<iframe width=\"560\" height=\"315\" src=\"https://www.youtube.com/embed/klnu4ps7C8w\" frameborder=\"0\" allow=\"accelerometer; autoplay; encrypted-media; gyroscope; picture-in-picture\" allowfullscreen></iframe>', 'images/7.jpg'),
(9, 'Ensemble', 'Sept ans après, la bande d\'amis a éclaté mais se retrouve, à l’occasion de l\'anniversaire surprise de Max qui ne semble pas ravi de revoir tous ses amis. ', 'images/h.jpg', 9, 4, '<iframe width=\"560\" height=\"315\" src=\"https://www.youtube.com/embed/RjfF0V5blEE\" frameborder=\"0\" allow=\"accelerometer; autoplay; encrypted-media; gyroscope; picture-in-picture\" allowfullscreen></iframe>', 'images/8.jpg'),
(10, 'Dame blanche', 'En 1973, à Los Angeles, Anna est une assistance sociale du service de protection des enfants. Son mari, policier, a été tué au cours d\'une intervention de service un an avant ; elle reste seule à éduquer leurs deux enfants. Elle va au domicile de Patricia, une femme soupçonnée de maltraiter ses enfants. Anna découvre les deux enfants dans un placard, enfermés à double tour. Patricia est placée en garde-à-vue et les enfants placés en foyer d\'accueil. La nuit suivante, un spectre blanchâtre poursuit les enfants. Ceux-ci sont retrouvés noyés dans le fleuve.\r\n\r\n', 'images/i.jpg', 10, 7, '<iframe width=\"560\" height=\"315\" src=\"https://www.youtube.com/embed/NlVWRyA8eAc\" frameborder=\"0\" allow=\"accelerometer; autoplay; encrypted-media; gyroscope; picture-in-picture\" allowfullscreen></iframe>', 'images/9.jpg'),
(11, 'Dumbo', 'Au retour de la guerre, Holt Farrier, une ancienne gloire du cirque, est embauché par Max Medici, propriétaire d\'un cirque au bord de la faillitte. La troupe est en joie car un éléphanteau vient de naître. Max Medici constate avec horreur que l\'animal, baptisé Dumbo, a des oreilles énormes.', 'images/j.jpg', 11, 6, '<iframe width=\"560\" height=\"315\" src=\"https://www.youtube.com/embed/-mPAnHDCm9Q\" frameborder=\"0\" allow=\"accelerometer; autoplay; encrypted-media; gyroscope; picture-in-picture\" allowfullscreen></iframe>', 'images/10.jpg'),
(12, 'MHA', 'Les examens finaux sont enfin terminés, et les élèves de Yuei se préparent pour le camp d’été. Izuku et All Might reçoivent une invitation d’une certaine personne pour partir à l’étranger dans une immense ville ambulante appelée « I-Island ». Dans cette île qui regroupe les connaissances de scientifiques du monde entier, se tient l’I-Expo, un événement dédié aux résultats de recherches sur les Alters et les superhéros. Izuku y fait la rencontre de Melissa, une fille sans Alter qui lui rappelle son passé. Soudain, l’imprenable système de sécurité de l’île est piraté par des vilains, et tous les habitants de l’ile se retrouvent pris en otage. Un plan capable d’ébranler la société des héros est en marche ! Et la personne au coeur de tout cela, est le héro numéro 1 et symbole de la paix : All Might. ', 'images/g.jpg', 12, 6, '<iframe width=\"560\" height=\"315\" src=\"https://www.youtube.com/embed/_40qaPSnfW0\" frameborder=\"0\" allow=\"accelerometer; autoplay; encrypted-media; gyroscope; picture-in-picture\" allowfullscreen></iframe>', 'images/caroussel/mha.jpg'),
(13, 'South park', 'Stan, Kenny, Kyle, Cartman et Ike vont voir un film au cinéma, qui met en scène le duo comique canadien Terrance et Philippe. Ils y apprennent beaucoup de nouveaux gros mots et autres insultes, puis invitant leurs camarades de classe, ces derniers font de même. Affichant bientôt leur vulgarité, les parents des héros sont scandalisés, notamment Sheila, la mère de Kyle, en font une grande affaire médiatique.\r\n\r\nÀ l\'école primaire de South Park, un nouvel élève fait son apparition : Grégory. Il s\'entend bien avec Wendy, ce qui déplait à Stan. Il demande alors conseil à Chef pour être préféré par une fille vis-à-vis d\'un autre garçon. Chef lui répond qu\'il suffit de trouver le clitoris.\r\n\r\nPendant ce temps-là, Kenny meurt à la suite d\'un pari avec Cartman : Kenny parie cent dollar qu\'il arrive à enflammer un pet. Il réussit mais s\'enflamme par la suite. Amené aux urgences, il est opéré par des médecins si incompétents qu\'ils lui greffent par inadvertance une pomme au four à la place du cœur. Lors de sa montée au cieux, il se fait rejeter du paradis et finit par sombrer en enfer, où il rencontre Satan et Saddam Hussein, qui projettent de dominer le monde.\r\n\r\nLe MAC (acronyme de « mère anti-Canada »), l\'association de mères scandalisées, arrive à faire censurer le film, qui en conséquence ne dure plus qu\'une minute, mais est approuvé par la MPAA.\r\n\r\nTerrance et Philippe sont arrêtés par la police au cours d\'une émission télévisée, trahis par le présentateur Conan O\'Brien. Regrettant son geste, il se suicide en sautant par la fenêtre de l\'immeuble alors que l\'émission est encore diffusée. Il finit écrasé sur une voiture.\r\n\r\nLors d\'une réunion à l\'ONU, le Canada condamne l\'arrestation de Terrance et Philippe par les États-Unis. En effet, l\'économie du pays repose pour un tiers sur le duo de comiques. Les États-Unis annoncent leur intention de poursuivre Terrance et Philippe pour avoir corrompu les enfants.\r\n\r\nEn représailles, l\'armée de l\'air du Canada bombarde une résidence de la famille d\'acteurs Baldwin. Les quatre frères sont tués dans l\'opération.\r\n\r\nEn classe, les enfants demandent à leur professeur monsieur Garrison la raison de l\'arrestation de Terrance et Philippe provoquée par la MAC. Selon leur professeur, c\'est seulement parce qu\'elles sont énervées, probablement à cause de leurs règles. Le cours est interrompu peu après, les enfants de l\'école sont rassemblés dans le gymnase, où un bulletin télévisé est diffusé. Ils apprennent du président des États-Unis que leur pays entre en guerre avec le Canada, que Terrance et Philippe seront exécutés prochainement, et que Sheila la mère de Kyle a été nommée ministre de la Défense.\r\n\r\nPour tenter d\'enrayer la vulgarité chez les enfants, le MAC présente un dispositif électronique destiné à être implanté dans le corps des enfants, dispositif qui envoie une décharge électrique à chaque grossièreté prononcée. Cartman participe contre son gré à une expérimentation du dispositif.\r\n\r\nPendant ce temps, l\'armée américaine détruit la ville canadienne Toronto. Les citoyens ayant du sang canadien sont arrêtés et regroupés dans des camps semblables aux camps de concentration nazis.\r\n\r\nUn autodafé de produit canadien est organisé à South Park par le MAC. Devant le constat de ces débordements, Stan, Kyle et Cartman décident de faire évader Terrance et Philippe avant leur exécution. Avant de d\'envoyer un courriel aux enfants punis pour les inviter à se joindre à leur projet, ils font une recherche web sur le clitoris pour en savoir plus. Ouvrant une vidéo allemande d\'un site pornographique, ils visionnent une scène scatophile dans laquelle participe la mère de Cartman. Ils envoient finalement un courriel avec un rendez-vous le soir même pour participer à leur projet. Ils baptisent leur mouvement « la Résistance ».\r\n\r\nLe soir, au cours de la réunion, ils mettent au point un plan pour l\'évasion. Entretemps, Satan se rend compte du vrai visage de Saddam Hussein qui ne pense qu\'à lui et au sexe, et Kenny lui conseille de le quitter.\r\n\r\nCe plan est mise en œuvre par la suite, mais il échoue. Alors que Terrence et Philippe sont en train d\'être électrocutés sur une chaise électrique, durant un grand show organisé pour l\'occasion, l\'armée canadienne intervient. L\'attaque déclenche une panique, Cartman en profite pour couper le courant des chaises électriques, il subit à cette occasion une violente décharge électrique qui modifie le dispositif implanté. Stan se retrouve face à une apparition de clitoris géant qui, plutôt de le conseiller sur son histoire avec Wendy, le prévient que le sang de Terrence et Philippe ne doit pas couler sur le sol des États-Unis.\r\n\r\nÀ la fin de la bataille, des militaires retrouvent Terrence et Philippe et s\'apprêtent à les abattre. La Résistance intervient et s\'interpose. Ils convainquent les militaires de laisser saufs Terrence et Philippe, mais Sheila refuse de les laisser tranquilles et les abat au pistolet. Le sang de Philippe s\'écoule jusqu\'au sol et permet ainsi à Satan, Saddam Hussein et Kenny de réapparaître sur terre et d\'enclencher un âge de ténèbres. Devant la situation, Cartman se met à jurer, et son dispositif envoie une décharge qui abat un monstre allié de Satan et Saddam. En jurant continuellement, il mate Saddam. Satan prend alors conscience de l\'emprise de Saddam sur lui-même, et le renvoie en enfer. Pour remercier Kenny de cette prise de conscience, Satan lui fait promettre que tout redevienne comme avant la guerre, mais en échange il doit retourner avec lui en enfer, après avoir dit adieu à ses amis. Tout se termine bien et on voit les habitants de South Park chanter pour la paix, tandis que Kyle, Stan et Cartman saluent l\'âme de Kenny qui est projetée vers le paradis. ', 'http://cdn.collider.com/wp-content/uploads/2017/08/south-park-imaginationland.jpg', 13, 6, '<iframe width=\"560\" height=\"315\" src=\"https://www.youtube.com/embed/ZL_pF1JDeSQ\" frameborder=\"0\" allow=\"accelerometer; autoplay; encrypted-media; gyroscope; picture-in-picture\" allowfullscreen></iframe>', 'https://e-cdns-images.dzcdn.net/images/cover/ebfd392120a4527c60b218ae8ce505bb/200x200-000000-80-0-0.jpg'),
(14, 'Romain', 'Ce long film relate les derniers moments de l\'empereur et philosophe romain et les débuts du règne de son fils sanguinaire et violent Commode.\r\n\r\nC\'est un film d\'action et de réflexion qui parle des débuts et des causes du déclin de romain, à une période où l\'Empire est encore à son apogée, rayonnant sur la classe de Simplon jusqu\'au nord de l\'Europe. C\'est aussi l\'histoire des rivalités au sein de la famille des Jérémy et des généraux qui entourent Romain. Le film aborde le courage, l\'honneur, l\'amour, l\'amitié, la fidélité, la convoitise, la jalousie, le doute, la fourberie, l\'excès, la folie, la stratégie, le pouvoir toujours en quête de puissance et d\'efficacité, et les conséquences de cette perte progressive ou violente de puissance. C\'est enfin à travers l\'histoire de l\'empereur Romain et son fils imaginare du gouvernement difficile d\'un empire au bord de l\'abîme politique, social, économique et militaire. ', 'images/romain.jpg', 14, 5, '<iframe width=\"560\" height=\"315\" src=\"https://www.youtube.com/embed/o4-AE93jZiM\" frameborder=\"0\" allow=\"accelerometer; autoplay; encrypted-media; gyroscope; picture-in-picture\" allowfullscreen></iframe>', 'images/romain.jpg');

-- --------------------------------------------------------

--
-- Structure de la table `genre`
--

CREATE TABLE `genre` (
  `id_genre` int(11) NOT NULL,
  `Description` varchar(1000) NOT NULL
) ENGINE=InnoDB DEFAULT CHARSET=latin1;

--
-- Contenu de la table `genre`
--

INSERT INTO `genre` (`id_genre`, `Description`) VALUES
(2, 'Action'),
(3, 'Science-Fiction'),
(4, 'Comédie'),
(5, 'Drame'),
(6, 'Animation'),
(7, 'Horreur');

-- --------------------------------------------------------

--
-- Structure de la table `personnage`
--

CREATE TABLE `personnage` (
  `id_personne` int(11) NOT NULL,
  `nom` varchar(50) NOT NULL,
  `personne` varchar(50) NOT NULL,
  `id_role` int(11) NOT NULL,
  `bibliographie` text NOT NULL,
  `infos` text NOT NULL,
  `photo` varchar(10000) NOT NULL
) ENGINE=InnoDB DEFAULT CHARSET=latin1;

--
-- Contenu de la table `personnage`
--

INSERT INTO `personnage` (`id_personne`, `nom`, `personne`, `id_role`, `bibliographie`, `infos`, `photo`) VALUES
(1, 'NOLAN', 'Christopher', 1, 'Christopher Edward Nolan est né le 30 juillet 1970 dans le quartier de Westminster, à Londres, d\'un père britannique, Brendan James Nolan, directeur de publicité, et d\'une mère américaine, Christina (née Jensen), successivement agent de bord et professeur d\'anglais. Son enfance a été partagée entre Londres et Chicago, il a les deux nationalités, britannique et américaine. Il a un frère aîné, Mathew, et un frère cadet, Jonathan, créateur entre autres de la série télévisée Person of Interest.\r\n\r\nIl commence à faire des films à l\'âge de sept ans, empruntant la caméra Super 8 de son père et filmant des figurines. Ayant grandi, Nolan, grand admirateur de Star Wars (1977), réalise en hommage une animation en stop motion nommée Space Wars. Son oncle, qui travaillait à la NASA sur le système de guidage des fusées Apollo, lui enverra la vidéo d\'un lancement de fusée, avec laquelle Nolan s\'amusera à faire des montages. Dès l\'âge de onze ans, il aspire à être cinéaste professionnel9. Lorsque sa famille a déménagé à Chicago au cours de ses années d\'études, il a commencé à faire des films avec Adrien et Roko Belic. Il poursuit sa collaboration avec eux et reçoit un crédit pour son aide à la rédaction de leur documentaire nominé aux Oscars du cinéma nommé Genghis Blue (1999). Il a également travaillé aux côtés de Roko sur la documentation d\'un safari à travers quatre pays africains, organisée par le photojournaliste Dan Eldon dans le début des années 199015.\r\n\r\nÉlève du Haileybury and Imperial Service College, une école privée à Hertford Heath dans le Hertfordshire, il a ensuite étudié la littérature anglaise au University College de Londres (UCL). Il utilisera d\'ailleurs la Flaxman Gallery de cette même école pour tourner une scène dans son film Inception (2010). Il choisira l\'UCL spécifiquement pour ses installations de production de films, qui comprenait une salle de montage Steenbeck et des caméras 16 mm16. Nolan a été président de l\'Union\'s Film Society16 et avec Emma Thomas (sa future épouse et productrice) il projetait des films en 35 mm durant l\'année scolaire et ont utilisé tout l\'argent récolté pour produire des films en 16 mm pendant leurs vacances d\'été. Au cours de sa scolarité, Nolan a produit deux courts-métrages. Le premier était Tarantella (1989), un film surréaliste tourné en 8 mm et qui a été diffusé sur Image Union (une sorte de vitrine indépendante spécialisée dans les films et la vidéo appartenant à la chaîne Public Broadcasting Service)18. Le second était Larceny (1995), filmé sur un week-end en noir et blanc et avec des moyens limités. Financé par Nolan et tourné avec l\'équipement de la société, ce dernier est apparu au Festival du Film de Cambridge en 1996 et est considéré comme l\'un des meilleurs courts-métrages de l\'UCL. Après l\'obtention de son diplôme, Nolan a dirigé des vidéos d\'entreprises et des films industriels. Il a également fait un troisième court-métrage, Doodlebug (1997), l\'histoire d\'un homme chassant un insecte autour d\'un plat avec une chaussure, pour finalement découvrir que c\'est une miniature de lui-même. À cette période de sa carrière, Nolan n\'a quasiment aucune chance de faire voir le jour à ses projets cinématographiques : il appellera cette période « la pile de lettres de refus », ce qui marqua sa vision de l\'industrie cinématographique. Il critiquera d\'ailleurs le manque d\'investissements dans le cinéma en Grande-Bretagne ainsi que le manque d\'ouverture d\'esprit des investisseurs. ', 'Christopher Edward Nolan est un réalisateur, scénariste, monteur et producteur de cinéma britanno-américain, né le 30 juillet 1970 à Westminster (Londres).\r\n\r\nIl se fait connaître à la fin des années 1990 par un premier long métrage, Following (1998), tourné en noir et blanc. Son deuxième film, Memento (2000), lui apporte une renommée, qui lui permet d\'obtenir pour le troisième, Insomnia (2002), la collaboration d\'Al Pacino et Robin Williams. Il est choisi ensuite pour réaliser la trilogie des Batman : Batman Begins (2005), The Dark Knight : Le Chevalier noir (2008) et The Dark Knight Rises (2012). Tout en travaillant sur cette saga, il met en scène Le Prestige (2006), et deux films de science-fiction, Inception (2010) et Interstellar (2014).\r\n\r\nLa plupart de ses films ont été écrits avec son cadet, Jonathan Nolan. Ils ont obtenu un total de vingt-six nominations et sept récompenses aux Oscars du cinéma 1, et ont généré plus de 4,2 milliards de dollars de recettes à travers le monde.\r\n\r\nNolan a créé avec sa femme Emma Thomas la compagnie de production Syncopy Films. Nourrie de préoccupations philosophiques, sociologiques ou éthiques, son œuvre explore la moralité humaine, la construction du temps, et la malléabilité de la mémoire et de l\'identité personnelle. Elle se singularise par la présence d\'éléments métafictifs, de changements temporels, de perspectives solipsistes, de narrations non-linéaires, d\'effets spéciaux pratiques et de relations analogues entre le langage visuel et les éléments narratifs... ', 'https://nnimgt-a.akamaihd.net/transform/v1/crop/frm/silverstone-feed-data/6e175a2f-274c-4293-84e7-157e6ca93db3.jpg/r0_0_800_600_w1200_h678_fmax.jpg'),
(2, 'GAGE', 'Jenny', 1, 'Aucune information actuellement sur cette personne', 'Aucune information actuellement sur cette personne', 'http://fr.web.img4.acsta.net/pictures/19/03/27/15/34/4678921.jpg'),
(3, 'FARRELLY', 'Peter', 1, 'Cette section est vide, insuffisamment détaillée ou incomplète.', 'Peter Farrelly, né le 17 décembre 1956 à Phoenixville (Pennsylvanie), est un réalisateur, scénariste, producteur et romancier américain. Son frère Bobby est également réalisateur et scénariste. ', 'http://fr.web.img3.acsta.net/pictures/18/11/05/16/36/3909426.jpg'),
(4, 'BAUDRY', 'Antonin ', 1, 'Après des classes préparatoires scientifiques au lycée Louis-le-Grand, Antonin Baudry intègre en 1994 l\'École polytechnique, reçu 326e au concours d\'entrée (option M\'), et en sort ingénieur des Ponts et Chaussées. Il se classe ensuite 2e au concours d\'entrée littéraire5 de l\'École normale supérieure (B/L 1998)6 et obtient un DEA en études cinématographiques.\r\n\r\nIl devient le 22 avril 2004 conseiller de Dominique de Villepin au ministère de l\'Intérieur chargé de la stratégie et de la prospective, puis conseiller sur les questions d\'économie internationale le 21 juin 2005 à Matignon.\r\n\r\nEntre 2010 et 2014, il est conseiller culturel de l\'ambassade de France aux États-Unis après avoir occupé le poste de conseiller de coopération et d\'action culturelle à l\'Ambassade de France en Espagne.\r\n\r\nSous le pseudonyme d\'Abel Lanzac, il met à profit son expérience de diplomate pour écrire le scénario de la bande dessinée Quai d\'Orsay (2010-2011), en collaboration avec Christophe Blain, qui en réalise également l\'illustration. Lorsque le second volume obtient le prix du meilleur album du festival d\'Angoulême 2013, il rend publique son identité.\r\n\r\nLe 28 janvier 2015, il est nommé en Conseil des ministres ambassadeur pour la culture française et président exécutif de l\'Institut français, succédant à Xavier Darcos13. Il démissionne de ce poste à peine quelques mois après sa nomination (printemps 2015) « pour poursuivre des projets personnels ».\r\n\r\nIl est nommé président d\'un jury du 43e festival international de la bande dessinée, qui se tient du 28 au 31 janvier 2016 à Angoulême.\r\n\r\nEn 2018, il réalise son premier film, Le Chant du loup, qui sort en salles en France le 20 février 2019. ', 'Antonin Baudry, né le 6 mai 1975, aussi connu sous le pseudonyme d\'Abel Lanzac, est un diplomate français spécialiste des questions culturelles, et scénariste de bandes dessinées et de cinéma. ', 'http://fr.web.img3.acsta.net/pictures/19/01/10/15/55/2281165.jpg'),
(5, 'WHEDON', 'Joss', 1, 'Né à New York, Joseph Hill Whedon est le fils de Tom Whedon, scénariste de séries télévisées dans les années 1970 et 1980, et de Lee Stearns, professeure d\'histoire. Son grand-père est John Whedon qui était scénariste pour des sitcoms telles que The Donna Reed Show et Leave It to Beaver dans les années 1950. Il a deux frères aînés, Samuel et Matthew, et deux frères cadets, Jed et Zack. Ses parents divorcent quand il a neuf ans et il vit alors avec son père mais passe les étés avec sa mère. Au collège, il passe deux ans en Angleterre, au Winchester College, avant de revenir aux États-Unis. Il fait ses études supérieures à l\'université Wesleyenne et en sort diplômé en 1987. À l\'université, il est fortement influencé par Jeanine Basinger, sa professeure d\'études cinématographiques5.\r\nDébuts comme scénariste (années 1980-1990.', 'Joss Whedon est un producteur, réalisateur et scénariste américain né le 23 juin 1964 à New York. Il est le créateur des séries télévisées Buffy contre les vampires, Angel, Firefly, Dollhouse et Marvel : Les Agents du SHIELD, et a fondé la société Mutant Enemy. Il est également le réalisateur des films Avengers et Avengers : L\'Ère d\'Ultron, qui font tous deux partie des dix plus grands succès commerciaux de l\'histoire du cinéma, ainsi que le scénariste de plusieurs comics.\r\n\r\nLe travail de Whedon se caractérise par son humour pince-sans-rire et autoréférentiel et met l\'accent sur les métaphores et le second degré. Il aborde régulièrement les thèmes du féminisme, de l\'antiautoritarisme, de l\'existentialisme et du sacrifice de soi. L\'histoire est pour lui au service des personnages et ce sont les parcours et l\'évolution de ceux-ci qui se trouvent au centre de ses œuvres. ', 'data:image/jpeg;base64,/9j/4AAQSkZJRgABAQAAAQABAAD/2wCEAAkGBxMSEhUSEhIWFRUVFhcVFxUYFRUXFhcXFxUXFxUYFRUYHSggGBolGxUVITEiJSkrLi4uFx8zODMtNygtLisBCgoKDg0OGxAQGi0lICUtLS0tLS0tLS0tLS0tLS0tLS0tLS0tLS0tLS0tLS0tLS0tLS0tLS0tLS0tLS0tLS0tLf/AABEIAOEA4QMBIgACEQEDEQH/xAAbAAABBQEBAAAAAAAAAAAAAAAFAAEDBAYCB//EAEIQAAEDAgQCBwYDBQcEAwAAAAEAAhEDIQQSMUEFUQYTImFxgZEyobHB0fAUUuEHFSNCchYzYmOCovE0krLCJENT/8QAGQEAAwEBAQAAAAAAAAAAAAAAAAECAwQF/8QAKhEAAgICAQMDAwQDAAAAAAAAAAECEQMhMRITQQQyUSJh8DOBwdFCcbH/2gAMAwEAAhEDEQA/ANimSSWZYkkkkAMQoW4ZgMhoBUySB2QDCNDs95IiZ2XLsGC4Ol0t0urKZKh9TIMVQztLZgFSMEADkE9R4aCSQABJJsAO8ryvpZ04qVnuoYU5aehqD2n84Ow2TC3wbXj/AEvw2Es92d//AObLnz2b5rEY79pOJqSKNJlMaAmXOj4Sg3Dujr6nafIvN9T+q1XDeAU2R2VDmkaRxNmQxeNxmIP8Wq89xMN9Auf3DViTN16TS4QN2ydR8lbpcGiJkrN5X4NVhj5PLW9HqsTz9fRdUX4ujIpVqgjYPNv9JXqFfhANiD5WVGvwcT7O33dLuSL7MGZLh3T/ABdJwFYCq3cEZXeRFp8lvOB9MMNicrQ/JUP/ANbrHyOhWZ4lwJjxdt+cXWW4h0eeztMMxfkQtI5EzOfp2to9uSXl/RDpy+kW0MUczPZFQ+03kHcx3r09jgQCCCDoRcHwVnOOmTpIEMkkmQAkkkkAMmKdJAxoTJ0kAW0ySSZIkkkkAJMkkgBJkkI6VcU/DYd7x7Z7LP6jp6aoGYz9onHnVXHB0vZaR1rh/MYnJ4aedlS4JwSIc4X1A+ZVXhOFzP7Ukk5ifeb81taFEarKcjoxxXJHhcLoEWw2FXFCmiNBqyOgenRU4obJ2BWGJiKzqSrVaM7Ii8KBzUhoCYnCoPisOOX0WqrsBCF4zDyNVDRrFmC47wAPBewX3HNWOg3S38PGExHsTDH/AJST7Lp25LQVaRG0grFdKuGAEvaNYP1+I9Vrin4Zz+oxf5I9lBSWN/Zpxs16BpPMuowJ3LD7JPvHktktziEmTpkAJMnTJAJMnTJjEkkkgCjiuOBjywsmN5V/AYsVW5gIQEvaMU4viJ38Ffx/ExSy9W0Frr2+S3lBaSRzRyPbk9Bdxi64pVmuu0g+CCfvpzmvaWQQNFDwTHimx+YWF/0S7TofejaNIkUJwfG2vdlLSJ0XFfjbC1wgzBCnty4oruxq7DAKwv7SMblNNmzQani42aPj6o5wPHtbTdnJsZusN08xnW4iW+yGtj36+pUzi4l45qRL0YYXAuPr5rW0xogfRyiOqBG5Wios0XNI7oLRcw9NXqbCoaA0CI0aakts5psVhtFStYpMoVUQ5Fcs+4VeqxEgw/ZUVamhoFIEVWKlVaitRmyoV2qGbJgevSsUA4xhw6nEb+H2YWlxG6E49nZPLUqFyVLaMX0OxJwuPaHWD3Gk7/Ueyf8AuA9V7GvGeK0iK1NwiQ5vqHAjysvZGGQF1p2edONDpJIBx7pZh8L2XOzP/I258+SogPJKhwXGurUm1XNyh4kCZMbSryBjpkpSQAklzKSAAZw4qYlzXaSVNxWkGVKLRoPqFBWc+nXdUawm/IwusRWfUfScWxfkea692vijh1TXm/5OqP8AfVv6SqzP+lP9atYdhNatbYqnTJNBzMplrpKF/Qn/AGO2uHPpw2MojxU/C6LSys4iSJhd4XH5i1jWiA29r6J+Ej+FW80pPQ4pNrzz/wAI8FSpfhy6oN9tTyWD6TmaxIEAkQDyyjdbE1h1AZyfJWX6YEOrgt9nsD/bf4LPMtfubenabr7Gi6Ps/gt8Efot0QfgTIpNB5I6zZcLPUXBaonZX6JVFrVfw4QNlum5SBwUdJqlaqMmJpBC4qxGikhR1RZDBFGs5UagV2qFWc1ZHQgViWIRxizCdwj+Mbos30rqZWWSXI29GZbRNWtSAuTUb6T+i9WXlXReuHYmhrOeL+Bt7h6r1Ry6YKjiyO2ZXpf0k6lzMPSP8SoQJ/KCYleeY+iWjEGqM5zQ12pB7ytVxHoZia2IdiC9s5paDOg0CEcU4NXworPq087aurmmQ2+sLVGQX6G9KBSoMp4izfZY8X8nckd490kpCgXUajXk2AB5ryyjXDqVRgBmQ9vlYp60BtKLEtv333RQWej8C6SGtXax7cgDNzqbLS1uIU26vHqvMMTXzsp1CZIHVu200Kt12htRzgJlgt3lSUbf9/U0l5/nq/l96ZOgPYoTQnSQQMGjkuerHIXXaZAEbKDRo0Ce5KnQa2YaBOqkSTsKKruH04IyC+qwPTHBsGKaxogZaZjvzPB9y9Dr1MrS47An0WL43NTFsLmgZWSCN7mJnxUyl4Lxx3dBHB2ACK0W6FCKDoKv4d7n2g2749QudnUmF6YVuiQs1jWvaCeuZTG2YgeqH4LilTNIqMqjQ5Hg+5K38Dq/J6HSqBdArN4Piwdab8jb4ojRxRVdZLgFGFc4gDuKHVMWBeUKxXSJjNZPgk5qgUHYWeFA9qGUekLHfyPvvBjzV5uMa4dm6i0a0yHEBZTpW2aZ5XWpxZ7JIWZ412mEdyXkpGQ6Ij/5lBv+YT/sP0Xrq8o6MNjH0R/id/4OXq66onDk5GUGMw4qMcxws4EFTkqrhMYKheALtMfqnZCTMsz9nuHAIDn5ucrH9I+jlTCvZJzU5Aa7lfRy9Tw3EM73MDbt3VXiIZiQ/DObeL6WnQhNSKcGeb8D4XWxL3MZZk9p2w8O9b3+ydMtAc90jcFT8Io0sIzqWg9mCTuZOqL1q4aATYGB6osOlmb/ALI/5p9yS0+ZJIWy4kkkqIEkkmQAkkkkAQYxgcxzToQQfMLHZXdZD9WyyTq4NJDT5i/mthiz2Ssgx+as4kXJ+X1US5NsfAZo4WRouq+HeWw1xbPLVXOHeyrAomVztnQjBdKeiby1jqYc90EOJGY5tQ6OWqM9CuEOYHnEMDQWxlykXmRE3MC0nVa0NcNIXZqEC5HktVLRk4W7A2JwIaMwkFu8WI8Nj7kX4fVlmmyG8TxJeI2Ck4fU7PJZyqzVJvkWIpio7KB74Hn3Ku3AWc5tg0EiBEwJsBc+anwtWHE/ZCJBoNwPSyIUE7PL29MMVRqFhDagm7XsgZYEZag0mSN9Fr8NjWvOV1N1GoQHRq0zycLHwMFFTwbDkg9SJF9FPVwwMW9VU6Iha5BT6Lojbmg+Oow0zzWsfQjv8rrO8cH1WRvEyXAMI04k1HkBlIOc4m20C/mV6FgHk02kgiRodYm098QshwTDS6qSJaHNJF7xcemvots35n4rbHyzDOkoo5fTB1XDMO0GQIJspky1Oa2CerDapDSGEAGfzSU1fDAV2PB7TpnvACKOpNNyAmNFszAnmlRfWCcbhndZ7QOcgd4i674ox3ZDrtJjvB2KInDtkGLjRKrRDtRpdFFLJtFH8NU/MkiMJI6ULuMuJk6ZWYiSSSQAxSTpkAUuJvhhPILIYUgvc4bnY25LWca/uneBWP4eCB4lZT9x04l9LNdw6pDQrwqk6IPhnorh1kzdInDSU/4cnVW6JESq2OxmVpdFgE6FYG4qQBG6l4fZqoB2d4k95R/DYKQIj1QVpcgzCn+IQUZFIxZCOJUchkbawrfD8e72dSBPkpRUvlFzO4c10K0KWjWa8cioazE2iFT0R1Ku42Wb46655FGsQ+JQDiZnTe6gtKibosG5K4M6B3ugR6IthzInmsvwjEuzVmgiC2PP/haqiLLbEzn9QqO0ydMtjmEmTpkgEmTpFADJJJIAtpJ0yokZVsfj6dFpfVeGNG5MKl0m48zB0jUfc6Nbu47BeacWqOxOKLcVIYGZs0kNZLZEbJgekcF6QMxTndS0ljDBebAnk0alGF5P+zjjww5qU3g9UTmzgeztJ7l6fQ4hSeJZUa4HkQhgNj2y0rDYXFSTP5zA5CTK74r03bSrVWlpcB2WxzCDMxMmdjB7u0Rp6lc+bTTOv06u0bLD1x6QjeHcsXwzFyzS50G0za6LcR4g6jQLqYJcYaJ5xJ911j1nT0Pg0tTHMbYuCG47iTHtIFwbeMrGYM1nOl4Jn/CddxrNkQqOJizg4OGouY+wp7jL7ST5K2MyNh1F7mVBs4lzH9xGo3Ei/ijWA43WgNdRqZo0DXOHk9tiCh5wzXwQLkyCbGRE+S2fCaQbSF7m5E6K4NsmaSRj8fTrk561Y0QdGMAc/ukutPcinCXimcxqOfIsSALC5U3HcFmlzQHHx08kLqOdDTlLXDbw1jxlQ20y400asVQDmGikqVpWLq8UIIh9tCPp9EU4PxIuJabkX8jyn4JrImS8bWwliao38kDxlSfL1urvFK+VpJ02nny8ZCzmPxxkE6Ot5X1++aTlsqMbRa4KQXVBvmaJ3gEytfT0WK6LVcxcYEzf5LasMBdGFaOH1DuR0mTgzoktjnGTJyUyAEmTpIAZJJJAFxMSkmTJPI+mtHFYvEuy0nllM5W2Md5CbFYh4xYfWa9lAsDXhzDBhsaeK9cACjr4drwWuaCDsQnYHh/B8RTp1g3N2HlzXW/ldZs+5ccOpw+s0uP8Nj8sGLg2K1OM/ZxUfXeWPaynMt1JVPjXRfFYfrKkCo1zMri2xHfHkmBm6Fac2aDnGUk6zsQreCrO6tt7s7Ppp7vghTv7snfMArfCK7zNu+Y15g81jlWrOj08vqo0uGxENAI7Vht3Cbb2HvWrd2mtGoAN++Bfy0WBwj7tduD7p+wj+E4oAWzMXtESZnz2ELjkejVmw4PTaWnsjzGh3QvH8MYK3WQ4tkZmZ3BouJc1vhsiXCavZjneN/cpcXh81xqtMftMnSlsr8Pw2Drk5RUYRUyNDusaHZQCSyTEEIoeAN6zs1KjRFwHA+hcChJwEjWL6H6c11Tw5Hd5nRa0Ci/EyziOCU2va1+Jc1z3EAZ25nQCYAjWAs3xLCVJb1GLcQ9xAENdlaCRqRrbkireFguJAHayl1rktMtMnkbhTDBAGGjxKl6K35lZRHCZZGZz3alzo1FxYD7lVuE0HGuHg6CCSNSYInyBK0GJllI5RJiAFn8Nicm9yC7blYD4eS55vZcdplnpFVzMDQNdRvfTw3WTxrzlhx0JDZ1gT+qKcSxLiSc1tm72n/lZzG4uc2aZ0b53j3pLbL9sQxwnjLKBaImdbjbT5LUu462rSfDSDEeq8wpsirTE/wA0+9bjhbeziF6WBRo8P1UpdT/PAa4dxVtOg3MCTMeKtt44wsL4NjBG6DV3ZW0DE7xzUFWS15ILczxYro7cXs5u5KOvzgv47iodUplpMA370Sq8bpNdlJKH4ui3raAgRF1T4rVbLm06cAG7u9LpjKkNzlG3YU/FxXcS85Q2Y+as0uM0nEAOuUDf7dTuphcU6YBoEC5BJScEwWSSZpf3gzmks5nSS7aK7zNskkkoNhlz1onLN4mN4SfO0Kj+Bd1oq5hNwRsW7D1SKSRbrYtjDDnAEpq2IYB2iADz0Q3jeFzQ8mA2wHMkiAVJxGg6tSLMpaZE+V7KW2Uox0ee9LOjrOv6xjgKLjmcNs28IKXsmG6bLZ8brPdhXdmSJb6GJXn+GBzaGwg+Kwy7OvDFR4CdKrlaYGp9I0j1Uhxg9mbje20e/RV6OFe9heBo4iPIEFUZgweajoNuujccDxZGpi+2pPdzW3wYlgJ13XmnAcR22kDWSSe6AD6L0DB1w0gTZxjfxJuoiuljnUgl1P3zQytjMrogbifvyCJ1MRl74I96E4sQ8hsGSCBvcyb+SuTdGcUX8Ic4kAJ6lKPNR4SoGdja5nnJ2TYvGDKbxHySvWx18ArjGPDQRI8DtG87eayFXGh5ABiHHxAkSZ8E/H8ZLnXsXX2ieUahAOvIkAaiAR6/BZ9N7N01EJ4vGE9mLjTw3mNkAx1R2eRPPzV2iZEnXcqRVF9DM8sXNVdFXh2d9WmS02cNu9eg8Jwjyyv2TfTv8EF6NUZfK9FwjYC68OTWkednxb2zNkVA2k/IexIhdYp1WpSlwN3iBF4WphNC37v2Obs/cz/FA5tSk8NJAEIY97g17Cwy58zHetmQuSwcgiOSvASxW+TKVGnNVsfYCcNvQ7mH4LU9WOQS6sch6I7odr7/AJZjJPekth1Lfyj0Tp937E9j7lxJJJQbCTJ0kAVsZhusEExcEHvBkJ20nAHtyTvHyU65e8DUwkO3wZri2Ay0iwP5mSOZlebvw+RzrzJXqXFKoqAtbfyWbo9Fczs1Rx8Bb3rmyq3o7MUnFfUVOjVLNScD+Y/AIT0g4SWuLwIBgkecea1+Fw7adTKwANgW+Km4lgMxJG+o8uaSVI0uzD8BdBJ8T6AwfKAvQOH1WllN5OVxgDS5JuTsFh8dhX05c10NBs2Pag3mET4LxxrWhrgOzme245bm17uQ0mJ2bfEVblpva/rohjK2R8kXvHviPes7T4+wGJkG4AtHied9O7vtHxLi5cTlMTGu/KBtcrKdmsEaTF4wElwNjMDlpeNjKpYriENzatNiCN9pgzH0Qt2Iiby0BxJkgQ2bknwHqgeMx7nsLAYBItzHeJ7j9lEU/I38Iq8UqS7snUgxaQIFieYMhRYWgXuEDU+7xXWG4a54Lg020Oy1PA+EkQXC4VNrhDjHywZj+HCjTB3cRPvQ4LX8cwfWkMBiBIPftKzeJ4fUpmHNtz1B81DG2Geire0vQKAsFkui+BIAJ3WwY2AujCtHn53cjpMU6S2MRkydJAHKSdMgBJJJIAsJJ1Vr45jd5PIKiUm+CyuKtZrdTCG18a51gcs8vqqVz37ypcjph6aT5L+J4nE5Wz3/AKIdQJdUGckyDcnw05WU1Smeeo5KuG+o+/vyUNs7sWCKi0HKWBAGiVehAsrXDsQHs7xY/Ip8SoZxtNOmZjFUoqW2AVv2mqSvhtTuVxhhqEFrgoY/hzXAdmQTfT39yzON6Nse+WdkEiRBhb5lO0KicKQ4wPLklXwUmYfF9GarW9kaSZmG3PvNgqdTB1qY7TBmb2QRMnYRGsL0driOz+ql6hp1AN7IaBSPOcNwfEVGiTlaTESO8GfUojheirWXcJ5TPdqthUYTNhHwXFPDzE7bn5clm0zRSB2E4aGNDY3t+vLnCutpBoVzq4soXtJsiqHdlKhQzOcT98kRo4IObBC7oYeJRHDNQkRN2DaOFNP2RI5fRWPx7RZwLfEW9UU6oKtiMGCNFopNHO1FvZy1wIkGQnQmvSNH2SeY+kK1hseHWd2Tp3eq1UrJnhaXUtotpFOmVGIyZOkgBkkkkADq9VxNzI5beijhO5kgCYnQp2ssJNxus7PWjCMVo5PjpcJqZ32hSkbfZXOTl4wkaKjlx27/AHaFQlu8aa/BW3D9PvwTNeIv4IGvsNhqxY4OaZHx5hHGvDxmG6zWIqNpwdAbAb35c1bwWLLYymQdosfDkUzLNjU9rkI1aaqChF1fzhwsmLEjk2irQ1hSVKO6TWwVeYwEJDsHVcMHC/qFG2gRuiTqa5yIAodUumUtyrrqcpiyApZSZRqsTsoqyxklSdWlQ7OGU1KynC7Y1TAJ0Q2Jq6ITBVsfi8gtqdPqe5OiErdIHcYdcAba+J/RDWDXvn7+KkDiTLjOp+s+ien9f1TPQjDph0iZWdTsDblsrtLGtOtj7vIqiIICfKI9YVpmGT08ZBUGVT4pjDSZniQDfwVak8jQ848u5DukTatelkYQJ96akjkn6ecS5/aSkmWI/ctfkUyrRlT+D0Gh4e9SOkgGOc+H2UxjUjwTtAGh+9liey0csF122AI8x6pGJ+/JMeW6Yh36aa6RoVXqkNbmJ33On3K7xNYNGvcEMrkm7iOe0eZNpVxg5MjJlWONs4xjsxl2ugANmgfNRUKppGNWnVu/eQdj8V01wJM9w5xbePuy4FQD+U3mLd/KF1dCqjyHnm59aew9hMRaQZ+R5EIjTxINiskMU4GW/WeYj70V+hi9SezpfVp+Y81zzxOPB3Y82PKvq0zQ21kK7hwFmyybgmO42+CJ8LxBYbHKS0hrjcAnQm3jeFnVs0nhqNp2EzBJbInxTdSh3EazGOblqB7xmcXDS5lrQTqAEYBkApSjTMa+lP5IAxQ1Wq2VDVapBENJqlyKEpdYUIbRNEJ8wUEFRYmuKbZPkO9NImrdI6xmMDPEoQ98yT4kz9/ooq1YlznP0sO87mAheMxrnOgWHfF479PJaRg5cG3VDDG3yX2YljnEA3trp3eSna4wdDBQSlUdl7UHvjvhWsNiIE7ehv8AL9E5Y3HZeH1EcmnyEIiDPJdkWM+XjuuaZkAgzK6eyw8SfgszdkXVw0k/f3CjYR8B81PUZaPuy5e0Ad+on3ICrOfw7OZ9ElzPf7imRYu2/kt8vL4FNR9n0+KSSRXgk3Ph9VzW0HgE6SYvIIr+23+lUsXoPE/NMkurDwed6/3HLdfT4KWh7bv6SkktvB55HQ9v/UPknf7R8vkmSQwXkmwmg8USrfJJJc8vcejD9IVT5rZU/Zb4JJKM3KMsPt/ccqOpokksDYq1UwSSQiiZBuPas80klS4Hg/UX54M/jv8AqD/SFSGjvE/EJ0l1w9qOLP72EeF6H+l3wKpYfU/0/JMkm+GTh/UX+w3wz2R4j/1Vp3tDzSSXGe3L3EdT5D5rir8gnSSGhkkklIz/2Q=='),
(6, 'DEBLOIS', 'Dean', 1, 'DeBlois a commencé sa carrière à Hinton Animation Studios et a travaillé comme animateur sur The Raccoons et The Teddy Bear\'s Picnic. Il a ensuite rejoint Don Bluth de Sullivan Bluth Studios en Irlande et a travaillé sur Poucelina et Le Lutin magique. Il a également coécrit le film Mulan pour les Studios Disney. En 2003 il a dirigé Lilo et Stitch avec Chris Sanders. Il a également réalisé un documentaire du groupe Sigur Rós avec le film Heima. Il est maintenant chez DreamWorks Animation, où il a travaillé avec Chris Sanders sur le film Dragons (How To Train Your Dragon). ', 'Dean Deblois, né le 7 juin 1970 à Aylmer, est un réalisateur canadien, scénariste et animateur de films d\'animation qui travailla pour les studios Disney avant de partir chez DreamWorks Animation. ', 'https://www.sideshow.com/wp/wp-content/uploads/2018/03/preview-full-DDB_1.jpg'),
(7, 'COOPER', 'Bradley', 1, 'Bradley Charles Cooper est le fils de Charles Cooper (décédé d\'un cancer du poumon en janvier 2011, à l\'âge de 71 ans) et Gloria Campano, américains respectivement d\'ascendance irlandaise et italienne. Il a une sœur aînée, Holly, et a été élevé dans la religion catholique.\r\n\r\nIl parle bien français car il a passé une partie de son enfance à Neuchâtel, en Suisse, puis à Aix-en-Provence au cours d\'un échange scolaire de 6 mois durant ses études de lettres à l\'université.\r\n\r\nIl est diplômé de l\'université de Georgetown et étudie à l\'Actors Studio de New York. ', 'Bradley Cooper est un acteur, réalisateur, producteur et chanteur américain, né le 5 janvier 1975 à Philadelphie.\r\n\r\nAprès une progression discrète à la télévision durant quelques années, il est révélé dans un registre comique par un second rôle dans la comédie Serial noceurs (2005), et surtout par son rôle de playboy dans la trilogie Very Bad Trip (2009-2013), réalisée par Todd Phillips. Il joue ensuite dans les films d\'action L\'Agence tous risques de Joe Carnahan (2010) et Limitless de Neil Burger (2011). Sa collaboration avec le réalisateur David O. Russell lui permet d\'accéder à la consécration : Il est nommé à l\'Oscar du meilleur acteur et à l\'Oscar du meilleur acteur dans un second rôle pour ses performances dans la comédie dramatique Happiness Therapy (2012) et dans le film policier American Bluff (2013), face à sa fréquente partenaire à l\'écran, Jennifer Lawrence.\r\n\r\nBradley Cooper incarne également des personnages complexes dans les films The Place Beyond the Pines de Derek Cianfrance (2013) et American Sniper de Clint Eastwood (2014), où son interprétation du tireur d\'élite Chris Kyle lui vaut une nouvelle nomination à l\'Oscar du meilleur acteur. Depuis 2014, il prête aussi sa voix à Rocket Raccoon dans Les Gardiens de la Galaxie, l\'un des héros de la franchise Marvel. En 2018, il réalise son premier film A Star Is Born, dans lequel il met en scène la chanteuse Lady Gaga. ', 'https://static1.purepeople.com/articles/7/35/44/7/@/247644-bradley-cooper-637x0-1.jpg'),
(8, 'ASTIER', 'Alexandre', 1, 'Il est le fils des comédiens Lionnel Astier et de Joëlle Sevilla. Il est le demi-frère de Simon Astier, dont la mère est Josée Drevon, tous deux également comédiens.\r\n\r\nAlexandre Astier suit des études de musique au conservatoire et à l’American School of Modern Music de Paris promotion 1989, tout en faisant du théâtre en tant qu’auteur et acteur.\r\n\r\nQuatre de ses six enfants ont participé à la série Kaamelott : Ariane Astier est Mehben et Jeanne Astier est Mehgan, elles sont les filles de Karadoc et Mevanwi (Pupi, Les Exilés). Son fils Neil apparaît également en tant qu’Arthur enfant dans le Livre V et dans la scène finale du Livre VI. Ethan Astier incarne son rêve de descendance dans le Livre V.\r\n\r\nLe 21 février 2013, il annonce la naissance de son fils James. En outre, son ex-compagne, Anne-Gaëlle Daval, est la chef costumière de Dies iræ et Kaamelott. Elle joue également le rôle d’une fée (la dame du Feu) lors de l’épisode 2 du Livre VI.\r\n\r\nLe 18 novembre 2017, Astier annonce la naissance de son sixième enfant, un petit garçon prénommé Aaron qu\'il a eu avec sa nouvelle compagne, Luna Karys. ', 'Alexandre Astier, né le 16 juin 1974 à Lyon, est un humoriste, acteur, réalisateur, scénariste, et compositeur français.\r\n\r\nIl est notamment connu en tant que créateur, réalisateur et interprète principal (dans le rôle du roi Arthur) de la série télévisée Kaamelott (2005-2009).\r\n\r\nIl a également scénarisé et co-réalisé les films d\'animation Astérix : Le Domaine des dieux (2014) et Astérix : Le Secret de la potion magique (2018). ', 'http://fr.web.img2.acsta.net/pictures/14/11/26/10/34/395879.jpg'),
(9, 'CANET', 'Guillaume', 1, 'Guillaume Canet est né le 10 avril 1973 à Boulogne-Billancourt, près de Paris, d\'un père issu d\'une vieille famille nivernaise et parisienne et d\'une mère oranaise, Philippe Canet et Marie-Antoinette Canet. Comme ses parents sont éleveurs de chevaux et possèdent un haras dans la région de Rambouillet3, il rêve de devenir cavalier de saut d\'obstacles4, mais interrompt cette carrière professionnelle à cause d\'une chute à l\'âge de dix-huit ans. En effet, lors d\'un concours, alors qu\'il arrivait sur un obstacle en ayant prévu un certain nombre de foulées, le cheval est parti une foulée trop tôt ; il est donc arrivé à l\'entrée de l\'obstacle (oxer), le cheval et son cavalier sont tous deux tombés et le cheval s\'est relevé sur le jeune Canet.\r\n\r\nAprès le tournage du film Jappeloup, il reprend goût à l\'équitation et à la compétition de saut d\'obstacles. Il participe notamment aux épreuves Gucci Masters du salon du cheval de Paris5 mais aussi à de nombreux CSI (Concours de Sauts Internationaux) à Cannes, au Mans, à Fontainebleau, à Chantilly et même à Oliva en Espagne. Guillaume reprend sans transition à un haut niveau avec ses montures Pomme du Valon (Selle Français), Babèche et Sweet Boy d\'Alpa. Entre 2012 et 2017, il a participé à 623 épreuves de saut d\'obstacle, en gagnant 33 et a rapporté plus de 66 500 € en gains6. Parmi ses meilleurs résultats, on note des victoires au Jumping International de France, au Jumping de Chantilly ou encore au Paris Eiffel Jumping. Il participe à des épreuves professionnelles de saut d\'obstacles en compétition, régulièrement cotées à 1,50 m. Canet a été nommé ambassadeur pour le Jumping International du Château de Versailles de mai 20177. ', 'Guillaume Canet, né le 10 avril 1973 à Boulogne-Billancourt, est un acteur, réalisateur, scénariste et producteur français.\r\n\r\nIl commence sa carrière au théâtre, à la télévision avant d\'aborder son domaine de prédilection, le cinéma. Son premier film à succès, La Plage (2000), le fait connaître face à Leonardo DiCaprio. Dans les années 2000, il se fait également remarquer pour Jeux d\'enfants (2003) ou Joyeux Noël (2005). Il poursuit en parallèle une carrière de réalisateur : dès 1996, il se tourne vers l\'écriture et la réalisation de courts métrages puis passe au long métrage avec Mon idole en 2002, avant de connaître la consécration en 2006 avec Ne le dis à personne pour lequel il remporte notamment le César du meilleur réalisateur.\r\n\r\nGuillaume Canet est également connu pour sa passion des chevaux. Jeune cavalier prometteur, il arrête la discipline à la suite d\'une mauvaise chute, pendant plusieurs années, avant de reprendre les concours de sauts d\'obstacles lors du tournage de Jappeloup, film biographique sur un grand cheval de compétition. ', 'data:image/jpeg;base64,/9j/4AAQSkZJRgABAQAAAQABAAD/2wCEAAkGBxISEhUTEhMVFRUVGBUVGBcWFRgVFRUVFhcWFxcVFhUYHSggGBolHRUWITEhJSkrLi8uFx8zODMtNygtLisBCgoKDg0OGhAQGi0fHR0tLS0tLS0tLS0tLS0tLS0tLS0tLS0tLS0tLS0tLS0tLS0tLS0tLS0tLS0tLS0tLS0tLf/AABEIANMA7wMBIgACEQEDEQH/xAAbAAABBQEBAAAAAAAAAAAAAAAEAAIDBQYBB//EAD4QAAEDAgMFBgQEBQMEAwAAAAEAAhEDIQQxQQUSUWFxBiKBkaHwE7HB0QcjMuEUQlJiciSC8RUWkuIzRLL/xAAZAQADAQEBAAAAAAAAAAAAAAAAAQIDBAX/xAAlEQACAgMAAwACAgMBAAAAAAAAAQIRAyExEkFRBDITQmFxoSL/2gAMAwEAAhEDEQA/ADaI5IgUipKbAiw0LlSPTbAhSMZJppSrAhQvbwToSYHVp90oF/6T0RmJdohnN7h6JxVCbMbSaRi/D7pnaZnfJ6Ir/wC23p90ztK2H+SmT/8ALLitoiw7fyfFXnZhssPiqrCj8k9Vddmm93xKzi+FyXQl7SJCr61QNu4gDiTAhEbbx4oMc92egykrz7EY19R5dUcSdAJAEg2A0GSpRshzo09XazAXEd67QN3OIFud5UuF2s1zgDIvEmIngeCyOJcHHe3jvZCJAE5AIuo4NAfZpIh4GR8PXxVuJCmeh0wYVN2kaTulQ7Nxz6jQC5jABm8y4xxgjdsgdpbQbvBu8D/c2QD/ALST5qZxbjSLhNKVsjYJhS0skDU2gKd9127xNglQ2tSdaYnU5Lklin8OqOaH0ucDkocYId4KXAcLnmo8b+odE1wH0L2d+haCm2WALN4E90rRYZ9h0XTF6OZ9GtsUfRAAkoOo4SmGumlsG9BGKr2VcXyU+o+VEES0EdnXNTZTzkoBmpTBk7UnJ7GrpCYF6xyl3kJSqBONVXZJO6omVa8KEvUdV6GwIHPEyUhcO4QYQ1dyMpsJZbgiMmKSRka7YxbOn1S7UC89F3aLv9VT6fVSdqqXdB6KZcZUdNEGCP5TlZ7DxtOlTD6jg0TF/E/RVWCd+UVmNpYipv7pJ3W6ZC+eSmCtoeSVJmi7Y1HP7xNmuEgaSY+yztEb7nHy8LfOEMcY7c3Q47sQWm4EZQn7Pr3v0z9D91ukczlYVWDAAYsRnqDeCq/E4kvcDw158fKEXiA5ptkZg/L1+arahO4Izm/H3krIbJv+oOAIBzzOZKbTqTcz4Z/ZCUwZ5X+RKnq0zutN/DQwMglQvJh+AxwYYIPW9x5z4IytRYSZ3XDkeOoKpsPWAiRInU8TmrWqyd3dAg5dLHPTNZTj8N8c/pouz8hoBOh8tE/G/qHRVeyqFYmBUI4GB9VLVZUY4B75Jkg6HiI0XO4nWpa4WmAHdK0FEjdCodkmWlXNA9wLRGT6Ehspww6dgwj/AIS0RJVVKKhe1WOKZCAeFEi4kSgBup+Kg3bpRCRO10JzDdNYE5jbpiDBiWjL5LjsV18kRIGnopRVHBUIrTijwPkmvqPOTXK8buxKa6qmSZ6o1/8ASUVh8cdzdgjwVk+sEGwEglCEzI7Rd/qaZ95o3tT+gILarf8AU0+qA7XbcBd8KnkyznZ31a0fVFXaG5eNMhdtIMaWRvOI0/lVZ/BOd3nGJnmfoPVDYaqJ7xtr+6L+K6oYZO6OcZcTkOiqEUjKc3LoFVpBptPW0+V1NRpUnDeFQNcNCd0npaEq9GWutMcHW8ZF0DTw06K9Gey+ZiaRbuPJJORj6iZ/ZCmg0m2vueqK7NdnDXqhpB3bzHITn4L0Fv4d0CLF41zUPIaLE2tnllek1sCSOoMD6qNkHLy+y9Xpfh9SEyXngCc/BKt2EoxZpHQ/bWUv5Cv4WeR4iiZyg8MpU1Ou5p6A+q9Wd2OpxcSRa8eax/avZfwnNBaAIjKL9UKduglicVaINg7UBcA4392g55I3GEPdvTMHyWRq0iDEkHMc9Jnjp4InA414ddwJGhNzyn7qZYvaKhm9M1mAcRMK7wMloWcwLw+SHBp/pLRHr91fbJrtDBvuAM8YGds1NUXdl5hKasaaFoNspt+FSEwbGoBwRuLQrwoZSBNVxrU9NabqoBIma1OAXWBJUxIPkJ7AE80ZS3AEySf4c8FE6gFKyopCUAA1KNkzDMtkjqrhBQ2FpE9ER6KXDDdoDu12HQEn0WCxD5cTqSXHxP7lb7tu0Nc06d75Lz14Eu6T6j7px6yMj0joraQrjZ1dpG6WmON7eEFUbRKs8A11oz5/ZN6IjsOq4RpswzyH2/4VzsbYRMOcDyH35K22Fst7olo0vBHotxgtkgZ5cPosZTvh1RxqO2CdldlCkN4C0et/utM2mm02gCAiGBOKJnIg3U1zUUWqF6bQoyA6tKb5FY/t1gpoFxuW38ltnNWb7ZNDqJbqcuvuVC6aN6PLMVTpva0TmBB59TkchwgQdCM9XY4EhwuLc+QV7jMMN1zZ/THSL+IIVK492HZgmT/afsZ810nFIttgVKc99xHh9hZXmJGDEPILiMoBBnrZZFtMtjhnIvI4++K02wqbajt0zNiA4xM8DCiRrBmx7MVt6lvxug5NkugD+45n/hXEyhdn4fcYB7CJBU0akFYFC1Cia70HWuoZSIwEgLpocn0lUVsUmTsC44LjVK9NiRfimmVMPNgp2FRudda0Y2yH4BC7vDVSb6jDLrNotMhqxop9l0CWHqu1bCyK2S6W+KcVsUno83/ESl+hvF0eEFYE4SN4ah26R5j6HyXpH4j0iXCDHfF+Ga8+dSO+d2Yvfwz98U10iXCt3L209ytd2RoguG9c8TdZj4JDt3X76LWbDp/DA/qJ9VOXlFYFuz0vBOFoVzTcqPYrBu7ziB1MQryhWpmwe0nk4FYxizqlJE7VNvJjQF0uErVKjB7FvFMJUeM2jRpXqOhBf9w4Q5VM+RPyy6pNDX+g1xWZ7YUC6mY9/ur34wcN5hkZqHEsbUbGig1o8aex0kOE89LZKrGHBzFpj7rVbdwvwK726CHAcvoqV+6HRo8R0NvrC6E7RyTjToqaUsdunICPA2H3Wx7F1g8wRdokH+3UdLrJ49m9UAaL29Ptf0Wk7FuiuGgQYdPSP+AlIePR6FTZaVzROpkhqaXCFJqgOuhqhRNcoWo5Qyhi7Tco3uTqLpTiKQQFIVDKmoXBVMSLr40Jrqw4plMWKjq0wq2RSJm1wk3EIUNCmoUgVJWjtesrLY9UbiDdRtKstkMG6bKo9Im1Rh+3gDr/ANw+aw2y3tDnMfmXPbca9/8A9Vu/xCtl/U35rzjtJQNGvINnhtQcidOvdB8Ul+zCX6IaP/lDuJPpZWgrO+INwwYkE5AnX5qow5Dtw6gun0j3yW22Js0PYXAXMQRGkSCD5ypyFYeDaWyWhu9isQeMG46wbD0T8JUotINGq2oTMDeDHEjMNmxIka6q8o7Bp1HuOIDi6bT+kDSGnkrfDbDwrB+XQaD/AFBjQTIgyQL2UJpo3ppkew9v7zvhvkOygyCDzBWlebSsXXoMFWluNDe+AI4CST0mPVa2sYaEkxyjtGc7QYrdziTYS2SegAk+Cz+z+0mBY8sq0u/O6S5pHpcxzhbyvQ34MNPIjPxXW4OnkafrITjQS5oo8BgaLz8XDOLQc2Nd3eoGXkrHB0nsJDtbj6++aJw+yqdM71NoZOYAseqIqM81IrPMu3QH8Q0nIsg/+Qj6rGYup+ps/pJPQcPfBan8TapD2kG1x81k9oAEh4ycLxxzy6H0W8OHNm/YiGJLXD/FoPkPtC2f4esY5z3XLotOQBJyPFYlmGJmL6rdfh9hA0PeCcy2NMgfHNOROPpsj+kocZIhjbXXH04ChmyAK4QlYo2sc0DUUMohcusKYXWTmFOPQlwIDkXQMIIORVE2VsSL6m0BdNAoBuLAOakqY8q9GOx38K6YsFLRYQ4CQhv+pjIqVtYG4BU0VbLOsIYZIS2Vim3khQYlriySLQhtivHe3gq9k+ih/EXdIlpGYnzWU7Z4IHD0agzndPEjdJt5LWduGN+E4tGUFZ3btBpwgqQZG7ABsZtMa5qf7Ff0MBQr7jl6x2NePhBx4iObo+QHrK8lLL24T6L0jsliJ+Gz+VlME/5OcT9FOQrB09JwxkW813Et7p6JmGrCEHtraIZRqPGgA6SQ2fVRqjqrZSVXzVpkaGIWvcLeCyVSmx3wNwje3rwcwBefRa2qe6EooJMTE/cQrz3gAbnTlxXXYoMMHw59Dqmv8ipvgc0QoauXX0K63ESJUNV4kibEevv5JujPxd7PMPxDpF7gwCXEEAD+ouAAWJoNcBuuBkWINiCOK9B7Usc7EN3f1Abw5lp3rc5Fkd/2lSqTiXvJc8F9RxEtOp3RYjhB4JqVIzeLydswlGiCC7IwJFgAYiLrfdnsMxtNu6I3gHHPMi6w+G2c+vVY1o3WEzrYE2niQF6jiaLWODW2AAA6LR8M49OhMqO0TA+6a9yhs0SA61lBUFkTVIKHqBQUBOauMKkqhcFOyF0bOAo6kbIRjEYzJVYiJ1aEmYziqt2M5rn8WNStKMbLhmOaHjuq2w+MBkAQshRxrSbotu0GyIKQ6Nm3FktjkqzBYn8x4QlHaByGqbg6jfiGbSn7F6F21c34D4H8qrcNTbUwgadR7PVO7UVQaVQCckPsh84cdFL/AGLj+pgdp0gHEC0Eha3slhC6lWc39TWMI/23I8gVTN2YK9bd3t0yYJuL8R4K/wCw2I+HVNJ+rSDwNjlxH7KG7RUdSNTgscPhsLrb0nwGaZtLa1PccHAObBEWIIi4hUuEwD65gu3fhF7AJyFy3w7wP/CrNt7PrUIaQajCQA9l4PBzdL65KEbtv0NOGf8AEFfClrCO85hd3DHDODFua1dPbFZzJqNDOQcJJgxETAsqTY+GrWii4ggADdtGXnYrR0tn1XAg4Z0n0N7yTEwVdMFX3/oHs3bhY9w+G0HUgd50X/VmbRmtANo06jIN+REEe7KoqbHfvgudRpQd0bz+9Mb8GM7aKOhseu9++XMDBkQCC6c7Wsk00FqXC/wD94EB0wR5HJOxLS1m9OTp6CYVbsxjqRkGWyAb5icxwRm16n5Rb/UD6yVCBmR2w0PxDS9wa2xJ0FgbHQ/spe2Hayi2kcLhnNcX2eWGQGnNrSNSqftTi2tkNIO42f8AdEC3j8lj9mYdxqB0Zznw1K1gtWzDJJ34r2bTYz/zaRyyPitzi3gvHT6LBYbu1KZC2znAlp5JwemKa2hlU3TDkpHiUiLIYIDeLIWpYIms2ygq5KCgZxSqFNeUkhse1FMchWhE0FSEYx2JTf4pUrsQVG7Fc1vo5vJl/SxITP4i6ohiuakbijKlopSNXQx5aRBVjgsXvOBWRoYlWeCrjeEKV0ttUWu3qsU3jiE3YNX/AE/ghe0b+74LmwKn5JHJD6EeEHZ93+tZw+I35ortk3+G2hV3RuyQ4RlDgCbePoVW7FfGLp/5s+YWo/E7AfFxTYsS1oB8xCmK0xyb8kBbP2sA9ugduAzqQc+VreAWp2w8Fx3eFwcivJ8FiCCW6jIzBt+4XoOxdoCsGkkEgROQNyMuP7KXGjWGS2MwuzhvhwdUYRwc6Nedsz5lXVHZz3WNZ5B/qe4jhkSZTwwtMATrJIy1+qlwVWoXhu6G+Azz8LIUjp81XAjB7GY2/rxVlVhrDoAE+mIFz9lWbTxoAcDlr18E5GUpt9BaLwN7SQXEA6QSDyuqTb22SGBoPegA+V/ouUtoBnxDoSN0TfKfLIKi2ZhnYrEBpmBdx0DQen1UUS5Ge2vVc9waI3qhGc5Sb+ivm4RlOmzdbBIuePuSpe1+DazEUiBADYHgTPjdND5a3kE3K4shQqdjaZ71NbBj5LeELFB/6Oq1WDqHeaDwRj4GTpaby4oKrk5jlTEQ4hCVkZiH3QlUykMDK6kUmpLoPg4FEUjZCyiqJTEeRuqKFz0wuXCtzkHh6eKihlcDkUFlhSrKywGIhwKomVEdgqveCK2VZoNtYzeaOi7sTExS8Psq7G1QQRyT9jHuEckpdKiyTA1IxDT/AHNPqtp2orl+IZOpZ81g6LorjqPmtnt+qPi0zr3D6qEaGI25RNPE1QLbr32/tcZHoQrTs3tIsad0ZECZycZnwFvEoPtViGVMTUfTdvB25JGW8GNaeuSq8Litx09TGk6Hn+yvXDK2to9Q2dj3l4a5w3Ra1ySfn1V7iscLAOBMtuDeDJOXTNeYbM2q5md/1gXk3kgEjK8eRUg7SGRMd0zOvsSocDeOdVs3eN2z+bAm8xBnQz5yFR4/bBbdx/VO8Mx3btMccvAqip7REh5JynhAB7sXzzz4qDCYapiahDbbxANsgAJjx9An40rZEsjk6QU7EOrObugQ3M3/AFOnzW+7EbL+HTc45uMTyEqPZWw2saGtaLt6xzniRfyWpwtDcZui2fqsm7NUqM/tTZrKzix4nUciOB8VlquyX0atRr3B7HQWACC2ZkfJbzEgNfvGwaCT0WR2lizUqF8GJgXyGnpC0wRtv4Z/kSpL6U9XBxBBy0P3V+KwmmWkG14VPUgkC+aZ5+Gfr4LoeBejBZ5ezRl8lT0Ss1RxdRv81xobj5TpKPw22B/MP/G/jCzlikjSOaLDsULqCqpDWa890gqOosqNrAibpzrLsXXHqRjFMx9lE9qewWU2FHj6Sl3BxS3G8V1WcXiRpSpN1q5DUWFDQVPTcoxuqSm8aJMaQS2tYzwVhsd3dPQoCmxz7BquMFgjTbc31H0TUWx+VAoad/ehLau0q9Y98wAIhogRz4q3pUgQeiHo0GljjqbjpcAK1iSIeRspdnUC8ubwP0U+L2PUGiMwoDcS7Sdxw6FoW+wFNrmiR74LnncZHTiSlA8vo4F0w6QOCtKHZ15714/x+mq2NTZ7fiZWWo2fs9hAMJebH/EjzmlsF5d3GudxLrDIZTr5rb9mdjfDG9ADogWy6futJSwbeCLZSASbbKSS4Q4TDbo6/YT8kUQutCE2ttBlCmXv6AauPAIURORne1uNIPw25m7umg+vks0XWJOnNcx2KNV5e7+Yz1yj3wQ1dpEagaEHl9PrZduOHiqOPJPydkjH6xmZ0mIyT6eXkLa6W5odrvpbXn6p76kWM3va06j5rQzI2OG9PuMr+XqpAYMWjiPfH5rm+f0iJd850PvJJ5jK8WBHhkgB1j+kxynX380QcW4c9L/dBMORM2m8+mfMeiTLm+Z8vJTKKl0uMnHgfTxTTnY+9VJI0QDiLyATy9csl0AzYQfPpPksZfj/ABm0c79oNemlyic823jn7umOcOK5JxcXs6oSUlo8uLUt1TucE34gXRbOOkRbiW4pfiBTYSkajoHieCLYUiKhhnPMNElaDA7Fa277n0/dG4PCtpiwtBk87IpzoGRBvrotow+mbl8GCk2BAjThr78k6swuaYEWgnXz8V2Brr6QkxxmxuZ8vfFaUTYDhqpIudN08baenqiKr7RoGgQOGXnZNZQDd4jMaRoc5XGPsARc+syJlAip2w1w+HWabt7h45lzT6uHgFo+zva6jAbWlh4xLT4jLxVbVoi7HXa6zvo4cws5i8K6m4tOnkRoQs5wUulxyShw9icWVQH03NcOLSCPMK42ZWsJXgmGxT6ZljnMPFpLflmrrC9rcazKtP8Ak1p+krF4fjN1+SvaPeKb1O6oGiXEADMkwB1JXhVbt1tBwj4+7/ixgPmQVT4vH18S4CrVqVSTYOeXCeTZgeATWF+2S/yF6R7Dtf8AEHDUz8PDziapsBTP5YP91TKOkqhx20atczVIkDJohoNrNGec3JvE8FndkbNFJsmC858G8gSrM3vPL0PDmPmLa7RgkYym5dOh1znw58F0mYmL+HhPimAxBDRPGYzGd/BJ8ZTex55RY+81oScMTcwbQcj4kdU0TnPMkXvAuQpKjy2x5cLpoeDaI5W6zKAI6mJaBbXQ2M9EzDuH6iRfWbc050cDP3OXJdq2IA6EWNsxkgB9Rx3oBgWyHLXzlcdTFt09ZOt79FDu7oJJIm0D7ZEKSmRumRwmxueAOUD3KAJnVNOht6CfFOZUE2EjKYiZHyEeqiYJh0WHhnqDkeCfviTPGeNsvVADmgk/K/TllCirUOBy8PZRTXlxuTyEaWzhP3otrFtBHC/vJTOCkqZcJuLtHldQc1FCMrBDELBDaGLTbKoBjRoT8yLLO02yQtbQIt0HhAzVw6S9Bj7Dx199V2N5ojynrlwTJt79U/DvDZziQfRakhHwbZwD9s4C4e7a2WQtHGVE505NF+Zy05JxENnX2UwH3HGOsecqCswQJt9jzU29PIHiP3TarJiIHLjzukBAWhw5/tlZR4nBio3df1BF3NJ4cRrE+qmcw2PAHUn0Ugi9xPpr9BKAMjjcA+kYdkciMnDkhtxbk0A9sPAc05DMA9dNfcqg2hsN7TLO83h/MOqTQiop0S4gAEkmAFq9kbLFK7oL7yeEZgff5Juytmilckb5HgOQ+6tmN6k3J4+OnsppAJgIFyPl/wAe/FzDaNb8srcrZeymEgfy53AOvkkHTMi+mcDMxy0TGJr7jTw+fDwyXajss/vHX6JEk8D6RziFwDO54gnIDna2iAHRe8x1+yYBmYMDwUbKp4245j7cFJvCZk2sYNpjgEAOa7ez+tvd1ys3QnnIvfMW8E1xIMgDhbPyUjXCSbA5xYTMR5AoAjcxpuJNpvOYtBHVRzAHUzGUXkGPVSmpLjIgG4AykG59U0ZRw+dsgOiAHNqcYAIHIE8oyTt0+GV/n0UbhBjmOXjbx4KWmTnnB0tf6ZoAfMNtabC1+PvouEGNSYHGOHmub+UmJ05JrncNLRnHj9UAYOvkgykkuVGzJMMO8tLhRYe9UklpAiQWzIjmPmn0RYpJLUgfSYCPHimfEIfn7gpJIAJY0ESQOPmo8L780kkwGg3FzfmmVD9fokkgCYGDA/rA9VK82Hj80kkCJ/5R4epTGOII5+dohcSQMkeLjoD5ucE2swAiOI9+qSSBDaTjBvkR8iiG0xDjw5lJJAyFzjlJyHqbqJ7pmePDiEkkAPe4htuI9SJ+aipk75udTmeCSSAHE/8A6A8zBXKLjPkkkgCV+nM38pSquMzyCSSAFWsQRz+Y+6l3RB6j5FJJAH//2Q=='),
(10, 'CHAVES', ' Micheal', 1, 'Cette section est vide, insuffisamment détaillée ou incomplète.', 'Cette section est vide, insuffisamment détaillée ou incomplète.', 'https://s.yimg.com/uu/api/res/1.2/BuyZF1vyoQUcVEd8FwWlTA--~B/aD01NjM7dz0xMDAwO3NtPTE7YXBwaWQ9eXRhY2h5b24-/http://media.zenfs.com/en-US/homerun/variety.com/aadaef40462140bee6b9eb44afde1fac');
INSERT INTO `personnage` (`id_personne`, `nom`, `personne`, `id_role`, `bibliographie`, `infos`, `photo`) VALUES
(11, 'BURTON', 'Tim', 1, 'Après des études à la California Institute of the Arts, Tim Burton débute chez Disney dans les années 70, collaborant à l\'animation de plusieurs dessins animés, dont Rox et Rouky. Après cette expérience, il fait ses débuts dans la réalisation par le biais de deux courts métrages, l\'un d\'animation (Vincent, 1982), l\'autre de facture classique, Frankenweenie (1984), parodie revendiquée de Frankenstein et des films de la firme Hammer.\r\n\r\nEn 1985, Tim Burton réalise son premier long métrage, Pee Wee Big Adventure, qui plante déjà les bases d\'un univers très personnel, où le fantastique le dispute à l\'onirisme. Trois ans plus tard, il se révèle au grand public avec la comédie Beetlejuice, fable fantastico-macabre dans laquelle Michael Keaton incarne un \"bio-exorciste\" totalement déjanté. Il retrouvera le comédien pour Batman (1988) et Batman, le défi (1991), le glissant dans le costume du célèbre homme chauve-souris et démontrant par la-même que son génie créatif peut aussi s\'exprimer sur des films dits \"de commande\".\r\n\r\nFidèle en amitiés professionnelles, Burton entame en 1990, par la romance fantastique Edward aux mains d\'argent, une fructueuse collaboration (huit films) avec Johnny Depp. Après avoir donné au comédien le rôle d\'une invention humaine pourvue d\'un coeur et de lames de métal en guise de doigts, le cinéaste ne cessera de lui offrir des prestations fortes et originales. Ainsi, Depp se glisse sous les traits du réalisateur de séries Z Ed Wood (1994), fait tout pour percer le mystère d\'un cavalier sans tête dans Sleepy Hollow (1999), campe un inquiétant chocolatier dans Charlie et la chocolaterie (2005), adapté du livre pour enfants de Roald Dahl, et incarne le terrifiant barbier Sweeney Todd (2008) dans l\'adaptation de la comédie musicale de Stephen Sondheim.\r\n\r\nTim Burton parvient parfois à s\'affranchir du fantastique pur et d\'un cinéma très personnel bâti au fil des ans. Il emprunte ainsi un ton plus parodique avec Mars Attacks! (1996), qui narre une invasion extra-terrestre aussi tragique que délirante, se penche sur l\'exercice du remake avec La Planète des singes (2001), ou abandonne même toute excentricité avec la fable douce-amère Big fish (2003). Considéré comme l\'un des cinéastes les plus inventifs de sa génération, Tim Burton est également un producteur avisé, notamment dans le domaine du film d\'animation fantastique (James et la pêche géante ; L\'Etrange Noël de M. Jack ; Les Noces funèbres, qu\'il réalise ; Numéro 9, etc.).\r\n\r\nEn 2010, Tim Burton poursuit sa collaboration avec Johnny Depp et Helena Bonham Carter (sa femme, rencontrée sur le tournage de La Planète des singes), en leur offrant deux des rôles principaux de sa relecture d\'Alice au Pays des Merveilles, où il dirige la jeune Mia Wasikowska. Après cette production qui est l\'un des plus gros succès de tous les temps (un milliard de dollars au box office mondial), le cinéaste se plonge dans une libre adaptation d\'un feuilleton des années 60. Dans Dark Shadows (2012), il transforme ainsi Johnny Depp en vampire, dans une comédie macabre où la thématique de la malédiction côtoie celle du disco...\r\n\r\nEn 2014, avec Big Eyes, il change radicalement de sujet pour se lancer dans le biopic dédié à Walter et Margaret Keane, peintres célèbres dans les années 60 pour leurs portraits d’enfants aux très grands yeux. Burton produit et réalise ce film, qui offre des premiers rôles à Amy Adams et Christoph Waltz. 2016 marque le retour du cinéaste dans le genre fantastique avec Miss Peregrine et les enfants particuliers. Burton raconte l\'histoire de Jacob, un jeune homme qui découvre les indices et l’existence d’un monde mystérieux qui le mène dans un lieu magique : la Maison de Miss Peregrine pour Enfants Particuliers. Mais le mystère et le danger s’amplifient quand il apprend à connaître les résidents, leurs étranges pouvoirs…et leurs puissants ennemis. Ce film marque la seconde collaboration du metteur en scène avec Eva Green après Dark Shadows.', 'Tim Burton est un réalisateur, scénariste et producteur de cinéma américain, né le 25 août 1958 à Burbank (Californie).\r\n\r\nAdepte du fantastique et influencé par Edgar Allan Poe, il est largement reconnu comme étant bon conteur et graphiste. Il est révélé au grand public en signant la mise en scène de Beetlejuice (1988), Batman (1989), Edward aux mains d’argent (1990) et Batman : Le Défi (1992).\r\n\r\nPar la suite, il entame un cycle plus expérimental, en signant le biopic Ed Wood (1994), la satire Mars Attacks! (1996) puis le remake La Planète des singes (2001), un échec critique1.\r\n\r\nIl opère cependant un retour au sommet avec le succès Big Fish (2003). Par la suite, il collabore avec les studios Disney, pour qui il réalise, Alice au pays des merveilles (2010) (sa plus grande réussite commerciale et un des succès commerciaux majeurs de l\'histoire du cinéma) et Dumbo (2019).\r\n\r\nParallèlement, il réalise plusieurs adaptations dans un style plus gothique : la comédie musicale Sweeney Todd : Le Diabolique Barbier de Fleet Street (2007) puis les contes Dark Shadows (2012) et Miss Peregrine et les Enfants particuliers (2016).\r\n\r\nSes acteurs fétiches sont Johnny Depp, qu\'il dirige à huit reprises et Helena Bonham Carter, son ex-compagne et mère de ses deux enfants2. Depuis 2012, eva Green semble avoir remplacé cette dernière.\r\n\r\nTim Burton produit et rédige également le scénario de L\'Étrange Noël de monsieur Jack, réalisé par Henry Selick, puis finance et coréalise Les Noces funèbres et enfin coécrit, produit et met en scène Frankenweenie, trois films d’animation utilisant la technique de l\'animation en volume et des marionnettes qui évoluent dans des décors réels.\r\n\r\nSon cinéma se caractérise par un défilé de monstres et de créatures et un mélange d\'humour noir, d\'ironie et de macabre. Restant fidèle à son style, le cinéaste explore plusieurs genres qu\'il enchevêtre par moments : film d\'épouvante, drame intimiste, conte, mélodrame, biographie filmée, film de science-fiction, comédie, film d\'époque, comédie musicale ou encore film d\'action. Ses histoires mettent en scène des personnages marginaux ou des êtres hors-normes, face à la médiocrité du monde. On y décèle une grande influence du cinéma fantastique, du cinéma expressionniste allemand ainsi que des films de la Hammer Productions, à la fois pastichés et célébrés.\r\n\r\nTim Burton fait partie des cinéastes qui parviennent à concilier succès critique et commercial. Il a été décoré de l\'insigne de chevalier et d\'officier de l\'ordre national des Arts et des Lettres par Frédéric Mitterrand en mars 2010 et fut le président du jury du 63e Festival de Cannes. Le MoMA de New York et la Cinémathèque française à Paris ont consacré une grande exposition à son œuvre plastique et cinématographique, respectivement en 2009 et 20123,4. Tim Burton a également été le sujet de plusieurs biographies illustrées, notamment Tim Burton d\'Antoine de Baecque (2006) et Burton par Burton de Mark Salisbury (2000). ', 'data:image/jpeg;base64,/9j/4AAQSkZJRgABAQAAAQABAAD/2wCEAAkGBxQTEhUTExMWFhUXGB4aFxgXFxoYGhsYGBoYHRgaGB0YHSggHR0lHRgYITEiJSkrLi4uGh8zODMtNygtLisBCgoKDg0OGhAQGi0lHyYtLS8tLS0tLS0tLTUtLS0tLS0tLS0tLS0tLS0tLS0tLS0tLS0tLS0tLS0tLS0tLS0tLf/AABEIAQMAwgMBIgACEQEDEQH/xAAcAAABBQEBAQAAAAAAAAAAAAAAAgMEBQYHAQj/xABBEAABAwIDBAgDBgUCBgMAAAABAAIRAyEEMUEFElFhBiJxgZGhsfATMsEHQlLR4fEUI2JykjNTFRYkosLiQ4Ky/8QAGQEBAAMBAQAAAAAAAAAAAAAAAAECBAMF/8QAKxEAAgIBAwIFBAIDAAAAAAAAAAECEQMSITEEQRMiMlFhFHGB8JHBIzND/9oADAMBAAIRAxEAPwCwaF7CULpUKCTwcUsBes7V60FCRLfd/NLj32JW6vCPfohAk+7+qQ4x6J1x9++Saqdt+5ANlNVD+Sh7Wx/wrwctL3OSq/8Airz1d28SPlkgjttqosmi+ckOHJRMJjw5omN60iRnqpNOqDPEcf0Qg8It71Tb22TgqfomnnT3CkHhCbLYSgR5r1zUBGeM80y5SHC6beLICIe3NNOCkvCZcEBFem3BPvCbc1ARnpl45p94Tb0BF3SvE6Ry9+K9QHTAEprEqF76oSeNHEfklwvWBLDUB5uo3EsNXj8kBAxGPpscGOc0OIJAJEkDMhMVsS2Zm0E9vj3rOfaC1wptxDDuvYCJFwWuGR9Z0lZrYG3d6mGEOLmXJ3s5JJ15qCUjR9IMTBDhB17YiR4E94CoaLjWyM6hSNp7QD2yLEjMxM9iy9XaHw3hzYBuHAHM8YVb3LJbGvoVS0gsBkCCNNE/W2t8JweTLTY2tyOsrHO6ROIsdwxAtvG+Z0VTiMdUcb1HHTMgR2Kdyux06ltf4hO7oJvbwnPTKUqpin8R2TnnyXNKO0qhI3nmOasHbe6obJPAnMHQ2z1zzsm5NJm72dtEk7rhEuO7llGVszdXEe81y3C7WIq05JI4gxnyXQcJjQWiXCD2XUpkNEsjxTTwlg6jLivHKSpGemnBPkJp6AjvCYcpNRMlAR3BMuCkPCaegGbcEIhCA6cGpYavY70oZoSeBLhDQlbqA8fa59lQa1UxpzkkJ+q4Qc/HVUO1MX8MmfGR7GqAqekeIBZUBiC0gg9mVuK5VQxLmEltibWWp2x0kLnki4m0A7tgADlfLRZ1wJb92CbzY9nDiq2WSfYiurOJkuM9qRK9c1eKxR2KY0nJJK9Ybr15m6E9hCEp0aJKkqeqbhcY5swGuPFwkxw7E1h6Yvccp58In3Cep4GSQSRGffkqNo6RTNL0Z6Rw4Un2BHV4DkOAK2jXgrlh2cB9++Ygg/XyWw2NtxpZDjuubYzbrRrKhNdhKL5NA4eSaqNSaeKDh9Rkmto4jcY5w+6JPYM/JXsrQp4so5EJ4PByv36pLwhBGemHBPuCQ8KQR5Qlx2eSEB09rPT9l7B5JUXSt1ADU1WrBokmEqq7dAMXOX1WM6YbV+Ewuc6D90DkJPfl4qGSiRt/pCKW8WDfcASACIEAuJN+S5jt/bNWs+HVt/iGiGyDkNSO9V2L2g586A3MannxTDLDS48FX7ll8D1XFVCS4EjS1h7smS8QZkunO0JdJocS0Tccs/ok4bCOe8MaJJTZcje9hkCUtlBxyafBdB2F0baxo3gC46laXDbDb+ELNLq99kao9Ha3Zx6ngqhMbjp7CpD9j1RHVN/XvXaqWxm/hCe/4G3gqPq5ex1j0Ua5OHs2Q8mIM9nBTaPRio4E5RxXYjsRovHkoVbZYGS5y6rJ2Oi6SFcHGsVgKlKz2nkdF4zFGDxuTpna3d5Lqe0dkB4hwlc/2z0edSd1RLTkT6Fd8PUKe0tmZ83TPHvHgp6RcdcrgH3CcxDy+5iRmMshcqfgmNY9u/u3FxrB1Gk5eMJnHYMip1JLdDwOoXe9zPW1DGE2k+mQWEjlmI71qP8AjYdRcTbeaQAbiTlKyGIpw4gCBoEne0vGvNXr2Of3Oi7JfJq8BUgd7Wk+Z81PKy3RHEEAh03MzxmwPktU4KUVYy5t80w9uak1Gph4UgY8PFCd7x4IQHTISh3r0D3+a9eeSAhYiqA4ng2w5k/+q5X9olUfEa0Dec7rO4gQQBkeZW16U7T3GljYBzc46REAc7jx1mFyXa+PNR5IN3GTJk9hPIKjZdLuQBhjByHafovBSJBIuAYnnp+ykYanLXFv3bSdS79o71YYbCuDIJA3ZMWubTIHMAd3i1E6SlYyTEe/2lbvolsXdG8RcgFU2yNnh75HyhuuZkx63XQ8BT6oHuwXDNLajRgirsnYPDhW1Bij4SlZWVGksbR6ERbBCeAXrKOVk8KR4KNJayNUaoNemrV9LkolemquJNlBiWKl2rgg9pBy9OxaTE081WYtvVKhWnZElaowWKwbZIfBvmROfLkqvaNJjf8ATdbQAQBwgE29FrsbRvMW+8qfa+zARIsBpEyO0ZL0Ibo8qXlZlB8QEiDLbmIkDX90y6s5x+Z3e6Va1AWPDw09UAOEZtNjMCJ01yCh4+k0OlvyvEtM5EZ+a7Jo5uyy6LYsNfFQiCIHefz0W3OQv+65m7E77mQ2LiY1M+S12xcebtDSYMTM2BI42yyVroo0uxel08kzUEp1oge9Uh4UlRnc93Ql7g4H33IUijpsIIke8koNjtStzzUEnGulWMLnBk5tDnEagtBcBzLnHsusbUAiwkg3taMvfatV0yqCjiak3IgMbFgzrX8mrK0yY6sy4QeZJiABrkql72omYIbkteQN4g+HFSKTyxhJMkySNL6jxUSrhYDg526ReLTvHTP1VpsbZ7q4YD/pzcARJnjmRdVJukaTovhow++RG9fLv8vyWi2Y2UMpBlAiLCw8NP8AKB2JWyzBjjC4ZuTRgZfYamVa0GKDhXwOan4YErObUTGwl2SWU4XjlYUelo4qBimZqcadrKLWaqssilrM5ZqBj6VlcVgqraLp8VRLcmTKVlLeBCiVmtyJAPMW7p0KtA6HAaEQffFQ8fh/GDa8d05Lbi9J5mb1GZ2nQ3rAgZ2a20Rrb1VPjsCH0zuiHC4A1ixjujwWlxOGEFrhY8LwdDyPqqjDNLS4OJcWyQeLTMa3yzPDkunyczJ1Ww4EWtI7dfNaHoXT3nOHAR4m31TO2adMOa/MCCQIg73pkNLyFo9l0WU2y0Bodcxzj81eLtHOS3LNlONZhePTzfom3jNWKjG6eCEr3kEKQdPhDpCU0r0tUEnIftZ2YTWFVoybBI1aN2B2yXlYjByDLbBuZkDrRodP21hdr6cbMNbDugSR1xxtoPNcYwVC5a/7pIjmDc/RQyUGHw7Xv6xMHRoJnlOQ0W82Q0BvygDQDgPr5LJ0HtB6rZdIJJPoAe3OVe4Gm593E3yAJPfEBUss1Zpn4sOYGjLevz4+qcoODXSbAC6z+znu+Nu6DQZC2Xbmp+Iwj6tVzQd0QL93muWRWzvidI1uF2kziI4qXT23TaR1h+y523YJLt01jzLQAY/CI0Vrg+jO7cVqpP8AVFvLyXGkarlR0WjtFpNjy8pClVKwssLuVKQa4kESJItaVpXOmnv+CglOz3Ebap03ODieNr37uxV9fpDSN97xt6qrdhhUcZcQPp396ra/R3C7xcQRfM1CJPG5AB7FOwtlw7btN3ykHSxGneo2KxLXgFufD8lVHAYeJYA4D8Lg62sEEqSdmENmmZDr6nzIsVDinwQ5vuIxbrzwUPEYzeyj2IngVKrz8OdRmqJtUy9ze4GLTlHpHNdsXBmzco8x9a8HXhp+6qq9SGvGenAxJPYo20sZUgOLi0E5xp7GXao7sSC03m+gkzyHcbmAul2ctNcnmKpB9NwkbwAaDOd2yb5xukLddGtisrU6Tfil0iHENs0gGRO9EwCsNgZc5thuuyBuMrAah0Ekrr/RfD1GUgGsbf72olasEVLkx9TkcFsScB0QYd7eqPsYEADmlv6GM/3XeAKuKG06FMfDdVaHNs6ZHW1vknTtWjE/Gpx/cPzWnTj+DD4uX5/gxb+h9eTBpkTYlxBI4nqoW5biGESHtIOXWC8UeFAn6nL+ojRC9JQvYWM9MYx1IFjh6+i4ZtTAGliHNcOqCZMXMm3jPqu9QsH0z6Pue/4jOyOIy788lDVhOjmowYLpkgNgQDrlbu5cVocNiWbjXNqHqmCZnXmJ4GFmsXUdRe6k4EyIkZi5ny98Ljojs01KrmxBI3gMhG80TE8/Rc5bI7Q3dFzhMUPjAk2J6oiM8vqtjs2mN0uidefesZtHYLqVT4z3/I5oa2NTOd+ErZbEqSwDl771xyO1aO+KOmVMocVsqpUqVd972td8raZgmciSL56ZKb0U6JnDn4lStvkNLWiC2JdvSSDLjJOa1dLB8QCpTKY0aJXNTaVHfQnuVeKw5FEhxBJytBkXlSms/wCmjWPoo20KnWIJyU2mf5V+CpJ+x0irZWYXDt3je5AiRI6oiAFW7V2DTrlm857XMJIezquvGvdxVqALcM+9WlHDbzZF/VWi+5Vx7MxR6I0m0W0g09Uktdk4E5kkRPdwCv8AD4Pdp7pgxxJAceYGauf4fiouPAa2FDdkqBjNsndDxn+ay+znvcSW0y65Eg6+olX/AEgrEBxN5keVlI+ztlM0zMEugAHUiBK6J1EzuOqRQdIdmPbhwHASajZAuA0AuufXuWQ+OxjTuyHEyHcItFtF0T7W8WWfAaw7pLnQRxYGg90ujxXNKDPjF5Jh82EQIvI5HIeyu+JXEz5nUqL/AGRhhVJIi7pta7RnA4gjzXYuhG98Mb1/0XLfs9wsmoD1msYbi8F3GNbZLtHR7AblJk57o8Tcr0MEdrPJ6mdujFbeZ/1FXL5z5n9VVPVntd016v8Ae7P+5Vjys8uWbIelDJBQvS7mvFBY6aEoeCRNkonjdQBY1Xjmgr1p9++1Adx9/mgMb0s6M06g32thwMzA78/qshsKtTpYyk51QCT8OMrPAECb/MW6WjNddr0A5pBXIenXRx9Gp/E0rta4Oc3UQcx4KJRtFoS0uzR/aVU3dypJAlrTAzvn3/RPbBfO52bx78kvp01tfZxqNuTufDHMkfmoewsRDWk6gDwELHXkN/8A0NzhzIzTzXRrAjNV2HrcF7i6hgrka6Kyq4PqW+U+fNXzILIWOdjiyDY7py1Wmw3SBvwpEC1zFx+qs4lYtEKv1X2vyV5hHtc3eaY5LGMxT6ry5m61gyc9xE/2gC/bZWmysQ6TeL29FCVFnTexq6brXVFtM53UluKcRBzVTtat1SjFUmYrpPV6l++FdfZ63epOOnHI6ehVV0qZu7s5GCeXcp/RLa1ClhW1DUa0AO35cJHWkW452XR+kyRrWVH2p7SDcTSploO4y/EbztO3dWHwlH+IxIaxpDZuBYAfeyym6kdKtvnFV6tQCziADrusFuyTdavoXsj4VPfd89SCeQ0C1Y46YoxZZapto3fQLYQZhzDA0PffmG2/MLdwoPR+kG4ekBq2f8r/AFU2o2QRxEL04Koo8TLK5tnK8e6ajzxcT5qC9bI9CyZmv/2f+yP+SW61ndzQPqsvgzZv+pxruYeTw9PzQtz/AMk0v9x//b+SFPgSH1WMtI1XukJAclFcTQLSiPJNhKB8kAqB77VW7d2e2tTLTPC2cagcew8FZHj9F5CA47tvB4mkRToPrPpuJNVrw0gAECRItN8ld7LJOHLtW1JMXEbwnnYLoT6bTnr3rC4Kh/D4mvhn3Y6XU+Ja8k+Vx3BcssVVo7YZPVTNHQqBoHd5rypjAHbsSYmef7eqiU371EOBhzbOJtuwLzx/VVjsLXI3w6AZLpEnPWbxA9ws8UkrNkpybpEjaFRrzO7LgcshcEafi+ipcVS6xABvcDePI9hJyupZoPJvBn8PcbA8x7leuwzt/fLS4Wt3RcRECxC6KSObwz5JdAh9xMboJOW6ImJOmnaVamqNwbouWyYt1ut+QVCH1GyCHS7g2LQIBm3HxXnxaw+VobzJ7bCJ1MqsmrLRhkS4NNhq3Vm+UidQVB27UApk8QouFxNU2cBJAB58ezin9rw1tOmfmc8c7TJJ8PNc5JXsWjN00zLdNcRelA0tfIReY0C57srZ9TEGoGRO7J8QfULR9N9rONUgC26WTpLhB790nyU37N9mk031DYOMdob+pWvEqiYcruQro10NDAKlYS85N0H5law0wBA7lLPv8lHqrocjo+zXA0aZGW42P8Qnyq/o66cNS/t9CR9EdI2zhqt46voQVuT8tnk6blXye4jalFk71VoLcxN+OWZVfV6UYUEj4h7Q1xHdZYB6YqLg88jWujj3Z0cdJML/ALzfB35L1cyB5oTx5E/SQ92dLalQff7pDUrvXA1ihnK9Dkmea9QCwkyvJXu8Pf6IA5arnX2k9IKNGvRaBNZnWcR9xrhYHjJ00F+CvOmvTalgmlrYfXI6tMfdkWc/gOWZ8xwvF4p9eo+rUcXPed5x4knT0ASr2F1udfwWObVFOoJAeYqN4OMmTe02Hgr4P3WuEzM2GQnsHDKVznYlSqKXUd1ARvgDTJpBOQBAm14uuj7HYalMOmSAMovOQBt1dc+3NcHDlHdZHaZWUC8OB00B43nTSFb4faFMiPhb0CbZ96br4EwTrOnH69vBQ6OGeBubw3t4mQLRBIz0C5Ua1NpErGYxrp3WW4SfLjwUHC1N54JymMsvD3dS6NNwMuiTJO6LDPO1vfYpWCoyTYcTbjHjojjYeR92MVqjWneHZ3g2nvKzG09s3fXJBbEMg6TMjt3Vodu4ncFSIu2BaDznKYE9xtGnOWYR1Z5aSHMZdxIOcuIbBOcwSDlAzlX8NLkzeK5N0ZbatVz3OdJ3d4xOZBJIJ7lZdFOlD8K7ddLqJN26t/qb+Wqnbf2f1XOGoPMS3h3ErL1cPYETcTfzjitEd0Z5qpM7ZRxLajQ9hBa4AtPEEJLyuadEOlH8NNOpLqRMiM2HUjkeHeujUq7XtD2ODmuEg8VJBvuij5wzOW8O/eNvBK6VGMLU7B/+gm+iDIwzT+Jzj5x9EnplUjDO5uaOy4P0Wxf6/wAHl1/m/P8AZztzkw4p16YcsZ6Z5u8z4rxJnkhCdzpASiePFMtcmsfj6dJm/VqNY3i87o7BOvJATPfBAPoubbb+1SmwluFpfE4PqS1vaG/Me/dWA210oxWKJ+LVdun7jeqz/EZ9pkoDte1emWDw879dpcLblM77p4ENkDvhYXbX2r1HdXC0gwfjqdZ3aGiwPaXLmqEIHK9Zz3Oe9xc5xJcSZJJzJUrZ1IkOiNBJ5zlzyUFW+wHS4N4vb5SfopXJDNn0UZH8u9wW/wCJ/ILVbOxbsOd0gljzExZo+9rwPZZY/CVTTrOI+64OA5Oz8brf1aQfTLZsRMiOR/Jccj0zv3NGNaoV7FpVqtdAZEXMk5u1PZNlHaGdUvMEmBHgY5X81QVqdejBYfiNmToRY5T7sqrE9IIPWHVEhgziAQQ7+q4P7KrS5LRlJbG3oBpJ3Sbjrcg4AjtEXTtfH06TXTM7k2zOYII4AQewrEUukcOqFrXSQNzqmSAB38pXuINWvuO+SIuJBAkSbaaX0KlJEScmRdq4l1aqWAXnec65cQY6ljkLowuHDG7rQYGdogkXmbznmrTBbNHzG7njOwulVsNuiJmcj2Z5LnklaOmKNGf21R/kNMZucPIrK7Gptq03U3jSeYI1HcVsekLwKdNnJzvoPqsNsmqRViDu5GOBnPxIXbFelHDL6mVOKoFjy03jXiNCrPYnSOthhushzCZ3XCRzgi4UfbkfFt+EDwVeujOSO59E/tYwfwqdKu19BzRBdG+yeMt6w/x71sNoup4/Dxhq1J43gd4ODgInOJIPgvlxPYXFPpuD6b3McMnMcWkdhF11WV1TM76dXqi6Z3Wv0SxIya13Y4fWFGPRXFH/AOOL6vb+aweyftS2hRgOqNrN4VWgn/JsO8SVu9i/bDhakDEU30HauH8xnl1h/iVaKxP4Kylnj2TJw6Cv1rN8HIVy3pzs83/jKXiR6heLroxfrOHjZ/1HJ9t/afWfIw7BSb+J3Xf236o8D2rEY7HVKzi+rUdUcdXEk905Dko6FjPRBCEIAQhCAFc9F3fzecSOUET5KmUzZFfcrMOkwex1j6oDaVrVRwe2O8eyth0XxvxKZpk9enlOrf0P0WPxY6rTeRfwUrDYs0azKomNRxabOHgq5YaonTDPRI6HSpSLfsm3YJuoHgFLoEBwI+VwkEcCpzoWCz09KaM8dn6NbZeOo7pg3B9RMDJX7qHAJnE4WRmVOporoTKUtjj43M8/HtSalKexTMVR6wCZ23WFCg+ocwIb/cbDzPkm7YpRRgtrVd57yDIALR2D9Qszs6gSXPIi1u6f0Vy2dxx5ev7qJsxn8k859hb4qqR5knbbM9tY/wAz3xKhKXtUfzXd3oFEVmVBCEKACEIQAhCEAIQhACEIQAhCEAIQhAb7Ztc1aDXnMi/aDB8c0/QZvM3b2NoE5WVH0OrgsqUzod4d9j6BWpxBplxBuBLZy3nQGz3qxBv+hWKL6Xw3Z0oAP9Jy8MvBadzLLnnRDBAEup4gsqi4DhLXn7xcZ17IFlrNi7fbW6jhu1BIImxIN4WLLiaba4PS6fOnUXyXOHqDIpbnA2hQqjb5p+hlms5scUN16Q3gYyWM+0fEFwp0GmATvOPDQep8lsNr45lGmXvy04k6ASuRbe2oarqtU5uJDY0JAaPACe4rRghbsx9TNRjXciYfGh7S0NLZBLTmCLROUG45ei8wTf5QEZg35lKwFGJH4aYMc3On/wAU7gG7rbrZR5pkNrf6z+RjwACiJdapvOLjqSfEpCgkEIQgBCEIAQhCAEIQgBCEIAQhCAEIQgLPo7idyu2073V/yy84WqxdEuJbqR9ZHoVg2uIIIzGS32Eqh4ZVBkOA3tbnTuPqeClEMao1pG67x1BGoUzCVCxw3TuvBkcHRqOB9xdN4vDXkar3DQ4bj9MjqOBB5KRwdE2TttmIEEFj2/M0+rTqPRXD6rWNL3GGgSSeELkDa1XDvFQOJANjfz5cQpvSnpbUxUUac06dg8j5nP1AOgFlkl0/m24PQh1nk83JL6Q9IxWf1ntaB8rN4SOBI4lZk0ZaDBAnqzmS49Zx4WsBoO0qYygGAMaBfP8AXml1fnpt4XP6rTGKiqRhlNydsRhgPiVP/q3wE/8AkoG1KpptceBMR/ULeforDCt+c8XnyAH0Vd0lIFEzmSI8ZPkFYqZFCEKpIIQhACEIQAhCEAIQhACEIQAhCEAIQhAC1/ROvv0H0tWmR2Ov6grIK56KYncrgaPBb35j080BtKTt5o4pDqE3GYuCjDmCRwTorDVSCK+uSx4iDHgVCwWDAiRkZU3aAsD4nkP1IU2vsetTaxz6T2tdqcpiQDwtoeakghMZJLl5Sb1nGFJpt05ppv3j7sgG8HT6naSfFx/NZ7pdV/02dpPoPqtFhz/Lb/aPMLH9Ja29XP8ASAPKfUqCSqQhCgAhCEAIQhACEIQAhCEAIQhACEIQAhCEAJ/AmKjD/U31CEIDobfnPZ9CkhsgoQpB7EMB/q9IXUemTz8DFf3U9B/utHoPXihCh8hHNDr74qI0fyndhXqFIFR1R2D0WB2iZq1J/G71K8QnYEdCEKACEIQAhCEAIQhAf//Z'),
(12, 'Kenji ', 'Nagasaki', 1, 'Kenji Nagasaki est un réalisateur japonais né le 12 Février 1979. Il a travaillé sur Blood Blockade Battlefront, Enfer et Paradis, Guilty Crown, Gunslinger Girl, Ichigo 100%, Monster, Un-Go et bien sur My Hero Academia !', 'Cette section est vide, insuffisamment détaillée ou incomplète.', 'https://i0.wp.com/animediet.net/wp-content/uploads/2016/07/AnimeExpo2016_131.jpg'),
(13, 'Trey', ' Parker', 1, 'Il est principalement connu pour être un des deux créateurs de la série animée à caractère satirique South Park, coréalisée avec Matt Stone. Il doit le lancement de sa carrière à Lloyd Kaufman, qui lui a permis d\'exprimer sa créativité en participant à certaines de ses réalisations. Ainsi, le premier long métrage de Trey Parker, Cannibal! The Musical, a été édité chez Troma Entertainment, la société de production de Lloyd Kaufman.\r\n\r\nIl est marié à Emma Sugiyama et membre du parti libertarien américain.\r\n\r\nTrey Parker et Matt Stone sont les scénaristes du premier RPG basé sur la série : South Park : Le Bâton de la vérité. ', 'Trey Parker (Randolph Severn Parker III) est un réalisateur américain, né le 19 octobre 1969 à Denver dans le Colorado. Il est principalement connu pour être le cocréateur, réalisateur et principal scénariste de la série animée South Park, et comme metteur en scène, co-scénariste, co-compositeur et co-parolier de la comédie musicale The Book of Mormon.\r\n\r\nLe travail de Parker sur South Park lui a valu cinq Emmy Awards, tandis qu\'il a remporté quatre Tony Awards et un Grammy Award pour The Book of Mormon. ', 'https://upload.wikimedia.org/wikipedia/commons/thumb/a/a4/2006_Trey_Parker_with_Peabody_Award.jpg/1200px-2006_Trey_Parker_with_Peabody_Award.jpg'),
(14, 'Mann', 'Anthony ', 1, 'D\'origine autrichienne par son père et allemande par sa mère, après la mort de son père en 1923, Emil Anton Bundsmann commence sa carrière acteur sous le nom d\'Antony Man puis régisseur de théâtre1, 2, 3, 4. En 1934, il fonde Stock Company, une troupe de théâtre dans laquelle jouera notamment James Stewart.\r\n\r\nEn 1938, il est recruté par Selznick International Pictures pour superviser les essais d\'acteurs sur des films comme Autant en emporte le vent ou Rebecca5. Il devient ensuite assistant de Preston Sturges à Paramount Pictures, puis réalise son premier film, Dr. Broadway. Il va ensuite enchaîner des séries B, comédies et films noirs pour RKO Pictures et Universal. En 1947, il tourne Desperate, premier de ses films dont il aura écrit le scénario.\r\n\r\nEn 1950, il réalise son premier western, La Porte du diable. Il entérine les règles du genre aux côtés des John Ford, Howard Hawks, Henry Hathaway et tire lui aussi le meilleur parti du CinemaScope en filmant les grands espaces. Il inscrit ses westerns dans une vision classique, voire « sensationnaliste » du genre : avant tout, action, et romance en toile de fond. Mais l\'importance de ses films s\'appuie sur le fait que ses héros sont très souvent des personnages dont le passé trouble affleure, beaucoup plus ambigus que les archétypes universels de John Ford : c\'est le cas de James Stewart dans Les Affameurs et de Gary Cooper dans L\'Homme de l\'Ouest. Ce sont des personnages complexes, en quête de rachat et de reconnaissance d\'eux-mêmes. Ses films portent aussi sur les pionniers en tant que tels et leur ambiguïté, livrés à eux-mêmes face à la nature. La sauvagerie lancinante des personnages marque pour l\'essentiel les westerns de Mann, aspect que Sam Peckinpah développera encore davantage. Elle est d\'ailleurs admirablement incarnée par James Stewart qui tournera sous la direction de Mann dans six films, dont cinq westerns.\r\n\r\nAnthony Mann réalise en 1957 son premier film de guerre, Cote 465 (Men in War), où il reprend avec réussite les recettes qu\'il a su si bien appliquer au western et au film noir.\r\n\r\nMann est engagé en 1959 comme réalisateur de la superproduction Spartacus avec une pléiade de stars de Hollywood. À la suite de désaccords avec l\'acteur et producteur Kirk Douglas sur l\'approche du film, le cinéaste est « remercié » par la société de production : Douglas, conscient que Mann ne maîtrise pas complètement son sujet et sa mise en scène, lui annonce au soir du 13 février 1959 qu\'il ne fait pas l\'affaire. Selon les dires de Douglas, il prend « philosophiquement » la chose6. Une version qui apparaît plus que probable puisque les deux hommes se retrouvent en 1965, cette fois sans encombres, pour le film Les Héros de Télémark, aventure historique tirée d\'une histoire vraie pendant la Seconde Guerre mondiale. C\'est par ailleurs le dernier film que Mann dirige jusqu\'au bout.\r\n\r\nMalgré la déconvenue de Spartacus, le producteur Samuel Bronston lui confie au début des années 1960, deux grosses productions historiques : en 1962, il réalise Le Cid avec Charlton Heston et Sophia Loren, qui rencontre le succès public et critique.\r\n\r\nPuis il signe en 1964 La Chute de l\'empire romain, production ambitieuse mais qui se solde en revanche par un échec public et critique, scellant pour de longues années le sort des Péplums (genre cinématographique jadis populaire dans les années 1950 et qui ne retrouvera les faveurs du public qu\'avec le succès de Gladiator en 2000).\r\n\r\nEn 19677, il meurt subitement pendant le tournage de Maldonne pour un espion, film qui sera achevé par l\'acteur principal, Laurence Harvey. ', 'Anthony Mann, de son vrai nom Emil Anton Bundsmann, est un réalisateur et scénariste américain, né le 30 juin 1906 à San Diego (Californie) et mort le 29 avril 1967 à Berlin (Allemagne). ', 'data:image/jpeg;base64,/9j/4AAQSkZJRgABAQAAAQABAAD/2wCEAAkGBxMSEhUTExMVFhUXGBYXGBcXFxUVGBgXFhUWFhcXFRUYHSggGBolHRUXITEhJSkrLi4uFx8zODMtNygtLisBCgoKBQUFDgUFDisZExkrKysrKysrKysrKysrKysrKysrKysrKysrKysrKysrKysrKysrKysrKysrKysrKysrK//AABEIAP0AxwMBIgACEQEDEQH/xAAcAAABBQEBAQAAAAAAAAAAAAAEAQIDBQYABwj/xAA7EAABAwIEAwYFAgUEAgMAAAABAAIRAyEEMUFRBRJhBiJxgZGhEzKxwfBC0VJicuHxBxQVI5KyM0Oi/8QAFAEBAAAAAAAAAAAAAAAAAAAAAP/EABQRAQAAAAAAAAAAAAAAAAAAAAD/2gAMAwEAAhEDEQA/AN7QaeUH2SVHCSXz4JxqAQSLjK+qBc43knNBJhW8zoGRP/iN+p6IyrAZzfpEmTmYFyf7KvwU/KLWv0nMzuiMbitB8oDvD5bEbwgxmLaatXlIdymJ0A6HqtBgaAaLDKwQHDcJImILj6Tn5laJtMC21kEbB7IhjNd0vw4zyU1MBA8MgLgleVCamd/bVARyrnuCEGJOSaa0lAW5wQ5F7ZKIOkp4Im6BlSnYrqbZF1K6Ew+KCJ9HySMpRJT3HdNFSMkENen3SNd+vhqq59LnIzHLvkDueis61QaqqxeI5ZaP8j7oCcOwF5aDkDPUEDLeCEtdheXEGAGg+SCZWDS0zfY6A2/ArilBbNsgDsQP8oIMFUmAciBbxsfsrXDkcrTv8w6hVuNoctRpbkJBG5MR+6JL/mkxkQd7RMeIQGuEaykQ1DEFwHguQNq0bc2p/MkMGS2TZWjWEjND1AAeQEE6nZBX3axxj5rDw0lBYp0coBuAM+qs+KMgNA/qA8e79lU1HCfzOM0BXDngEZgDLU21P1VpWqCwN4z8dyqHDHvWyAjz1lWEczZHnvbM+EIDXVpufJKMRDYBuqz48ju30EX906m12pA9z5oDm1NSkfUB1UbY2nxS84EWQO5gmipsmPqjdQ033QFcxTg6LqIAnJp+imbhXEXIb7lA0VSmGvlbzT34W3zn2Q1SgAM3HzCCT44OSdCHoYUCSC72TKlQ5AoJK1U3yIFygsYSSYjKZTjVcKg7vdLT3hmTsha9Xvk+3sgg5QbXyR/CMRDeV2kidwciq/EVACHHLXfyXU60Nd0IIjUE3QaYu52uEwSLaXAjPyUXEaoa0OAk8ot5THRA4atIIuTBgeVoR2Lj4feGjYv89u8B+6CHh1aWRNwZ8jkuQmFaGkHmJkROeRsDGRAtHmuQaGrVyGxuJUbaImQRffqhHUiRdhE+6VlNzXZW+kIJOMNMTNw0+mQ+6o5AM7A/T6K/xNTuennOn1WXrEhpbrF/C6ArCuEWGaI+LEAT5ffoqvCvjL/M3lHVctzayAl0MdnbWBARIc2AZHgg8EA4uJMn2HSEdQqFpvHkgYHjSYTy6creKNbievqlNebWPogDDuo8E5rtlI87wesBKyoBYxOaB9NrjuUQylGZUQr9Qmve3MuJ6ZA9UC1uXZCPhMrPZPvc39Ez4zdCEDq1WG2mVXB7g77o6tXAGk5XUFCoHHltKCdokKux9OJMK0czl+yCxgsZ1BQU+KdYIakT3mnxBUlVkE63XCkeYWsfzJAVh8SQG57HKeslE8Rq87qekAAjIcoJsDoZPmqZzYaMz39NoIPqjC+WgmxAAvcNiLEdN0ElSo6GAZy4gTynPpnAK5LUoCrABDagvBsJNiQdLSuQa94/hM9VW8So8t+Yznnr1RuKPKwEZ2QVSu1zJeQRMbXGfogbjKkNAtMZ9SP7KlxBMTEyI8CjMTiWk2M90QdLZlB02FwMzckt8NPogGwpkt6yD4hWuIZGX+FW0mcr22/UT6Zq2wbO4XvyBIje/wBED+G4Vx7zrN0jMjfwRdUMbnn1Nz/ZC1MQb8t3QJaTDWt0L9twNlV4l/M4AkuOXM0gC+gcftMILU8SY35Wz1IkJv8AyE7DwAVa6vTZa5fYRT73Jb/7HHM9M1W4nijB3CWB1+8yTp+qbINJ/wAg09RBVVjeIEVGukwQR+yr2YgGC3PX7pz3fEBaNO8TtGXqguG46QHXgeolLTxrnOjmgabqsoucwAuEA5OF2npOnmqviGKIILTETGviCg02HYOfmIDiZgkxHW/sn4jCFsuFRt8sgGnWXTcLBVeJVP4r+d/HfwXUeNVxZrj5RE+BBQa7E1iDN3tydBBaf6Xfo811KpSJtJv8rnQfAnLzWZp8TrTN2kiCQGyf6hkVKTUeI+Nr/Dy28rINeMWxsXAie6Hcxj+bQFIeINcMm5xCxtTnYTIcSf1HL0RWExRPkguK1OHEaGC3w1S1HRkRYGB1+yQuDgwmZG/VNdREmc8+kIHGj3mhpAEczp65QurPa2mdSQBfO+cptSqGEk6wL62+lkFh6pe8zFrf1TPvCAnG1mw0PnKxGYGcT6LkBXxB5sxfXaBGXkkQek8ri1we0DbVVHEuFsqUXsD+Vx7zSLQ8ZX9leYgtI+aCOhQtUm1gJ6Sg8+4Ziy5wo1iRUaeUg/qvEjqr/IBv06CAqztE/wD2uINYNa8loLXHSQQR0NonqpsDiC+uwONyHW3JbzZawgJaQX8xsRrum1uJOLvht8DAyA0nKVI9oBHlPiTmqPFMcKlVozcbbNE/MBvp5oLLF8SFFop8zZMl4F3kkyW+OUqtx/aZzCWUA0u/UeWbm8MByAylC/7JoJzmBJJufFRsFNsmzRq4wP8AKAPG8VxNUcpLQ3ZjQ0T4DNV4aW6ff1VnU43QEhjS872AjxP2QY420/ojxQdR4i5pWt7MtFVhi5m/j16LIVmh9wD4QtB2DHLUc10RAsUGtGCDaZYRMzIGR8l5/jiZOeZzXrTKDW5NA238ivP+1PC+SrzT3XezuqDN06c3KZVxHL8gB2n7furP/iSM75a2RFDg7XH9XNv02GyCio8eqNPebTcNnNNvMXVhhe0Tf1YcZweR9wRqJGSsD2RabkvzgQAfUpzuzdKmLNc538x+wQLR4pRqiGl0nR1v7FOZTgyQ3yzUjOAc36LdBCJ/48U9PAAA/VBJT7wjPfpGymfqddBp4lKyRm90fwhsAegRIEiw11tZBVYqhzTvIt9wo8NRh2x/AT4qzZQImTfP/CgeYMxl9UGc4sXUyZbAnu3znOFytcbw347SwjvWe12cSbgbWlcg9Ic2fm9R+yhLA4GCVMCcyPIptUFt4sdkGZ7U4DnofL3qcFw/lcQCfWCsxxrFGk9j6fz0zY7xaD0iR5r0F8FxLrgiI6HdeccYw7n1gzLncG9BJglBpHYprhTLbhxAMaSAQPzZQYmi74jqgHO0T8tyDsQpalFlPutFmkcvkImUJxJ7gSQ1hm0uziNwgyXE+IVHvIaOU77HoElPgNWqbuygyb+srW8O4VRIkjzmBPSdE52Gokw1ziLgkGGjwJzKDP0OyjGmajyeggT/AGVhT4OyIaweQ+s5q15KDL5u3JmP2Q1XiU91jZJygIAn8P5Y5e7r49CNlZdl6ADzIu4zOwGifSwhaCX3cR6IvhjeVxd9EGswmIAHeHhuqTtTRDwRokfxC8qOvX5s0FFh8NIunsdymIy3siGAtdHojn4Vjx3hfcZoAucEZkDpMKU1Gt19QT/+gmVeBO/Q4EeMFdS4W4HvucP/ABcPVAUHuI+XmH8rr+ihDBMkXOjpb9USMM1t+64+Lmn1CacU0WuP6u8PVAlageXWM/msfMIVtUi3KBebGQUS6oP02OsZHyVfVJExAPsUBFSsCJNkFi3ggjchLUqSEE6pdAVRxUEuPgAEigcPiO5WwkQegOxIgAEzO0ypW4qW8zioWYfUN85t6IoCmRBIB1n7II8RTEA2PNss1xnAQ8u5bseDGed1pHMJjlMgW6XVdjmltVrz8kEO3gazqgzTKo5yJJG/WdE/EQ4wBfc5emqF4k4Mr8oNjcRl3rplF0kO2sOhnPyCCTFYUxyzIbmdCY+UDVCDCV3gAMtpsj6+IDfKzfW7z1KJo8Z0b5deqCsw3AKrvn7vjqtBgOCNpCYkqbB1+a5M9ch5KwJk2QVeKw52lF8IwHMy+qB4rxDkIbTbz1Hd1rRqT+ey0PBaZbTAfEwAfHWEEI4KwXE/VB4mm1ogAj657brQPPpvogMdSBHdPXzQZyvTHojsLTsPVdRwBJuR5KDi/CiW81N/K9otsehQGBpaUtSCFQcM7RGfh1m8ruuvgrdzgbgoA8VQIyefBV5BJurOqg3ncIGef5sVBiXyPDNSvdpug679fIoGVXRkhaTS94aNb+SYX5jbJD8P4gG1HGROXogvhwoTIJHhmkU1HjDTYSXbC562C5BoxRa4h9+a8idQicO3n0Pmm4OzIjXPVE1ibRsge+QQAR1Q+LqMe0tkSPTqPRPxA5GNdl/dCPYG3Bkm6DKYvgJqvDw4iLeWigpsLS5pzBV3xXFuosy7pM8wBMdDsFm8Lj/iPMSY7xdBg6RO6CPFPLnwRYIvBCDPuoKrAZPX6BMZXQaSji03FcT5G53vKp2YrluTfRVmOxJcQL3KDSdm8R331qm0M6AnvGNzEK5dx1jSbjpdUVDDB1IsdIkWIzGxWUx+HxFM5hzdCdkG44h2jtYoGl2lGpKw9TEVcoA63ULBUn5ig9FHaVrQSSA3r+XQQ7UCpPLJnx8lmcPw3mEuk+KteH8JDXAgHz+yAzi1AVGD+LMEaFQcH4w5p5H/ADCxH0PgrpmHlUXF+HX5mnvDL9vBBpG4oOCZWAIWXwHEyO6cxYq0p4zfyQS12+yCq1dd7HoU6rjO8W5H6g5FDV4B/q+qCBxgq+4P2fpOaHVGNcXX7w0WaxT4uvQjQcwASJa0D0ACAjA4SnSEU6bGf0tAJ8TmuQ9HGGbtnqFyCzw55ZUzyLQUNhzzHYdU+sWgoJsRDhB/Cg3tcbWjQ9V2JqW/m/M1GHPDgJkRkgnoyJbrqVTY7DxTqAnWQOoOat61Rg1IlAVsOHzBuQQPMIMY5h5RP8x8yo8NTkk5NFus7BT4p8NM6W8xYhA0cTDBqe8d7ygkxmIhScJwZc7mOXVC8OoF553C0w0b7krV8Moi+n7IDsPRtEIDHYWfzdWL64CHr1BqgzuK4e3wQYwUK6q3UrMNp4fhQD8Na3l6qzpUhb18ECcIWmWxa6eMQdx1QWrALoavSD8kA7FneEHWxzhk6++qAXi3DiCHszFz1HVScPh7Rax0+qIbLhJvvCXh2GLHvAHWNL6hADxFnK9kbOHpChxD7SjONNktjSSgKgliAjhFEVcTRYbjnDj/AEtHOfpC9IqNY6Jm/p5leR0OMOwj6dVjQ4y5pDtWRDhOhuIK9P4HiW4ik2vTfzMdpkWuHzNd1CCyGABFhAXJzaobYgEaLkDcQWtg6lRuYC4TklczRxzSNI3y9kEtRgF4BKHfmSQpfiDNcSHDoghdhw4SLFcwcuWe6kYwgnQLq2Ry8UGH7WYSCHtNnkk9H6+ufqqfAUiW8u/lmtlxrD/EovbAkd9o1Jbn7Sslw0w4zt+QgPp4cNLGg2n2AVhWxZa3lbA8eqiDhFM7FUvFuIOnlYyTtmUFq/Gsb8zjP5ogsVxlmircN2YxFYcxqFpOk5eJ0S1exTh89V07RI8jqgc7tCwHMeqcO0zRq2fH9kC7sk5v8R2tCPodmKg5eWkOswAT9UAWI7SE2Bnwn3JQD+M1T8rfqVp29lpdzPbc/pGVlY0eztsgBtEfgQYnDVcVUdAgdSMldN4A6xdVeXbgxfwWo/2jaYgAQbqamybwgz+Fw1WlmfiNz6jZWmHYQ3mdmZP9kbUol2WarsVUIbCCuqu5nHa6EcyJCsKFL3CGxDQgyfHzD2N2bPqf7K5/054v8HFCi4/9dfukTYVR/wDG4dT8vWRsqftEP+xh3Z9CVWteWw5phzSHNOxBkH1CD6Np0wM1yiwvEGV6NKq0yKrGvtmJAkHrMrkAGGqBw1vr+yndQHLEZfl1AWuDgQ6GgZbqQ1HW2KBrG2z8FPzAiQhq9B0HljzT25ZDwQS1/lg5FQNILeVRtrc/jNtglqVSyD8xNhGUoGPAZECcwZWNqYble4fwkjy0WzxLJAM3AneVnuLMkirHzS0/1N/cfRAO4cw5Tl90zDUhzHunq45+SRlSDf8ALIlj3E5ZILGm8MIVnQxrT81/ILP1KoMwe9F7b6oT/dObqTp+BBrn4qmEIMe2dM5WYqY+YAOfiniqIvKDRv4oJJAAPkg3cRmb2081RPcSdf3UjA4iIgILB2JBPRE06yAoYb83RDmk6emeX0QG03yD6Kur0L9FY0WQ3OTF0DVfKAeL+Cr68TGpsj6js1Tl3O/oPogou1VCDTPi37qlC0Pa35afVzvYBZ4IN32D7YUsPTbhcR3KYL3MrCXcvMS4se0XiSYI3hcsQWAjwXIPfaLQQnBpFrJQ4b5pr6hDbgTpf6oJBRAub/RB4g94QYSufOZ/YJ8W3KBBSLWyD/dJgGlzTIsPupaNm9YlLRdblGuaCLGUyxstN9FT4jCl9MtsSTIGocLhaHEU4ETO+yHpsa3vZ3t47IMLmZ11Ct8KyW3MHSE3tHhBTq/FZ8jz3h/C7XyKXBGckEdPDwTOfRNxFH+UR7eZ3V8MILEgT6qUYMEW89j4bIMm3CFxsy2+fup6fDXkZepv/Zad1FgAEeQyCjcwTYi2n5mgpKXDjoG/nipxww3MmdNvT7qy5CM4Tf8AcAee6AWnhDrpmUSxgGQUhqod1YSRsg7FOsSfUZ+apa1UAEojiuOAGaymKx5cYCA2vXJEDM59AkYABZD4cQCTmnYquGMJOQugo+1NWajGfwNE+Lr/AEhU6diKxe9z3ZuMlRhBKHLlGuQe64nEA2Ak77JlKiDnuoqOH6XRRZFiglxFMwBCVrneAXVauwSuJt4IFfZud0lOpeEwEmSbnK+3RNosPNA9UFi4SLhM7je6e9qAn1SGs715yCCgC4F8iUGe/wBSMYaeEMGHVKjGiNA085/9fdZHs/2lAcG1DByDtPM6K3/1UxALcOyRMvcQDcWAEj1Xm70Ht+GxnMAZKnZiY1zXlHAu0jqYFOo48os12cDZ3Tqtfh+OgjMG1iL+6DSV8Ub5IV9RzsgfoqijxqLhwna0qR3HAdoQWrWu/Vb7pKtWB3QT6eip6nF9C4kIfEcaAy9UFniMXA2QjsbAuep3Wer8Wk7m6HNRzvmsD+ka+KAjiWMNUwPlBuf2QTBBU4ao6qA6jUOqpuP4yYY3xP2Clr4rkb1VE95JJOZQIUkriUgQOlKmrkHvjQGiBc9V3NOYUVSmZkGeiUOjogkmL5pQcjuu5gWkkgDOcgPFZPjHbinTPLRb8Rw/UTDJ6fxINbJyC7EcVoUBNZ7WiN7noBmV5Vje1uLqT/2cgOjAG++fuqKrVkySSdyZPug9D4t2/p3bRpl+zny0eTcz7LM43tbiqg5ficgOjBy++az/ADlNlBJXq81ySTOZufVCvCm3TCEAzlcdmqjS40niQbtvBBGcH8yVU4J+BrfDqNdsQfLX2QavEcMObXm/8QVYar2kg5hXnEasBsa3HUZ2VfxBokO3APsgEFdyY0k5kpripKVkEtOnsiGuhDGtewTjUsgKDkPiqgA6qP4qrMbXkx6/sgixFXmKhlckQclXLkDguSBcg+gRThRcSxLKNM1KpDWDMnMnZo1PRCce43TwlOanee75KYPed1Ozeq8r43xqrin89V0/wtE8rBs0fdBZ9qe1bsT/ANdMfDozMfqed37DoFmS+EjimSgVzj4JAklKECpEpTUCykXFIgY4KI5ohMfTlBocPWFWkyTdojzaLeybiqbiwEZNifA6hVPDapEt3HuFbUMQeSDt98igAq2Leo+iIplupUNenIiIi/kUI1yA97001IQBqwon1SUE9fE5gev7IVckQKuC5cgVcuASyg4rki5BaY3GPrPdUqOLnOzJ+g2HRDErio3IOc5MJSFcgcCnBNCcEHOSJUhQIVwXFIg4rg5NcmyglnI6otmLt9VXcyUuQGVcRMRoIQz3KPmTS5A4pJTZXIFlKuCVBwShckCBVy5cg5ckXIP/2Q==');

-- --------------------------------------------------------

--
-- Structure de la table `role`
--

CREATE TABLE `role` (
  `id_role` int(11) NOT NULL,
  `description` varchar(50) NOT NULL
) ENGINE=InnoDB DEFAULT CHARSET=latin1;

--
-- Contenu de la table `role`
--

INSERT INTO `role` (`id_role`, `description`) VALUES
(1, 'Realisateur'),
(2, 'Acteur'),
(3, 'Producteur');

--
-- Index pour les tables exportées
--

--
-- Index pour la table `appartient`
--
ALTER TABLE `appartient`
  ADD PRIMARY KEY (`id_role`,`id_film`),
  ADD KEY `appartient_film0_FK` (`id_film`);

--
-- Index pour la table `concerne`
--
ALTER TABLE `concerne`
  ADD PRIMARY KEY (`id_film`,`id_personne`),
  ADD KEY `concerne_personnage0_FK` (`id_personne`);

--
-- Index pour la table `film`
--
ALTER TABLE `film`
  ADD PRIMARY KEY (`id_film`);

--
-- Index pour la table `genre`
--
ALTER TABLE `genre`
  ADD PRIMARY KEY (`id_genre`);

--
-- Index pour la table `personnage`
--
ALTER TABLE `personnage`
  ADD PRIMARY KEY (`id_personne`);

--
-- Index pour la table `role`
--
ALTER TABLE `role`
  ADD PRIMARY KEY (`id_role`);

--
-- AUTO_INCREMENT pour les tables exportées
--

--
-- AUTO_INCREMENT pour la table `film`
--
ALTER TABLE `film`
  MODIFY `id_film` int(11) NOT NULL AUTO_INCREMENT, AUTO_INCREMENT=15;
--
-- AUTO_INCREMENT pour la table `genre`
--
ALTER TABLE `genre`
  MODIFY `id_genre` int(11) NOT NULL AUTO_INCREMENT, AUTO_INCREMENT=8;
--
-- AUTO_INCREMENT pour la table `personnage`
--
ALTER TABLE `personnage`
  MODIFY `id_personne` int(11) NOT NULL AUTO_INCREMENT, AUTO_INCREMENT=15;
--
-- AUTO_INCREMENT pour la table `role`
--
ALTER TABLE `role`
  MODIFY `id_role` int(11) NOT NULL AUTO_INCREMENT, AUTO_INCREMENT=4;
--
-- Contraintes pour les tables exportées
--

--
-- Contraintes pour la table `appartient`
--
ALTER TABLE `appartient`
  ADD CONSTRAINT `appartient_film0_FK` FOREIGN KEY (`id_film`) REFERENCES `film` (`id_film`),
  ADD CONSTRAINT `appartient_genre_FK` FOREIGN KEY (`id_role`) REFERENCES `genre` (`id_genre`);

--
-- Contraintes pour la table `concerne`
--
ALTER TABLE `concerne`
  ADD CONSTRAINT `concerne_film_FK` FOREIGN KEY (`id_film`) REFERENCES `film` (`id_film`),
  ADD CONSTRAINT `concerne_personnage0_FK` FOREIGN KEY (`id_personne`) REFERENCES `personnage` (`id_personne`);

/*!40101 SET CHARACTER_SET_CLIENT=@OLD_CHARACTER_SET_CLIENT */;
/*!40101 SET CHARACTER_SET_RESULTS=@OLD_CHARACTER_SET_RESULTS */;
/*!40101 SET COLLATION_CONNECTION=@OLD_COLLATION_CONNECTION */;
